track_id,frame_id,timestamp,event_type,value
1,120,4.0,direction_change,179.73837567191626
1,127,4.233333333333333,direction_change,179.98589855927847
1,133,4.433333333333334,direction_change,179.9977823492902
1,385,12.833333333333334,direction_change,134.4175350561114
1,531,17.7,direction_change,156.90314756017412
1,538,17.933333333333334,direction_change,115.81236067630807
1,602,20.066666666666666,direction_change,88.23404356713715
1,612,20.4,direction_change,159.4944795370132
1,619,20.633333333333333,direction_change,119.54720762984844
1,636,21.2,direction_change,179.95102027444466
1,643,21.433333333333334,direction_change,116.62830813849031
1,653,21.766666666666666,direction_change,178.1929208901204
1,660,22.0,direction_change,176.86390020738006
1,712,23.733333333333334,direction_change,137.81962331299468
1,716,23.866666666666667,direction_change,65.6679798353872
1,720,24.0,direction_change,63.53110252813703
1,727,24.233333333333334,direction_change,148.40795068812244
1,762,25.4,direction_change,175.19921337224866
1,764,25.466666666666665,direction_change,89.39221344866756
1,774,25.8,direction_change,88.07103914615324
1,781,26.033333333333335,direction_change,94.89419755688564
1,1080,36.0,direction_change,69.35911216533134
1,1084,36.13333333333333,direction_change,123.38653546427827
1,1087,36.233333333333334,direction_change,89.0737985585893
1,1093,36.43333333333333,direction_change,72.68579451256929
1,1108,36.93333333333333,direction_change,87.73449241091201
1,1721,57.36666666666667,direction_change,132.13924587288201
1,1730,57.666666666666664,direction_change,179.93480147982825
1,1737,57.9,direction_change,179.98466532103575
1,1738,57.93333333333333,direction_change,179.9754252890525
1,1742,58.06666666666667,direction_change,79.6825908043809
1,1805,60.166666666666664,direction_change,154.0540233928043
1,1813,60.43333333333333,direction_change,178.70479734464152
1,62,2.066666666666667,stop_loot,60.0
2,9,0.3,direction_change,102.61382334376337
2,28,0.9333333333333333,direction_change,99.25652479629355
2,150,5.0,direction_change,120.76247543649188
2,160,5.333333333333333,direction_change,174.9913519918661
2,165,5.5,direction_change,179.3806962258597
2,179,5.966666666666667,direction_change,140.4689197332018
2,188,6.266666666666667,direction_change,163.03816277990035
2,190,6.333333333333333,direction_change,95.39722524998413
2,202,6.733333333333333,direction_change,72.20832307410012
2,203,6.766666666666667,direction_change,147.41626793415458
2,213,7.1,direction_change,165.4746922039892
2,237,7.9,direction_change,127.9911352374527
2,325,10.833333333333334,direction_change,174.64698414499154
2,347,11.566666666666666,direction_change,117.03707485540232
2,358,11.933333333333334,direction_change,75.44510382577853
2,366,12.2,direction_change,165.9640198456788
2,385,12.833333333333334,direction_change,61.387202828364835
2,403,13.433333333333334,direction_change,76.06590170041143
2,506,16.866666666666667,direction_change,69.6555316500051
2,512,17.066666666666666,direction_change,86.834857674795
2,670,22.333333333333332,direction_change,115.82152104430548
2,672,22.4,direction_change,161.85064921046245
2,695,23.166666666666668,direction_change,65.18782250045001
2,728,24.266666666666666,direction_change,165.83186650543976
2,729,24.3,direction_change,173.3578513488594
2,749,24.966666666666665,direction_change,105.70819660697413
2,751,25.033333333333335,direction_change,114.880466642142
2,761,25.366666666666667,direction_change,123.80526188052872
2,764,25.466666666666665,direction_change,154.46919400791822
2,774,25.8,direction_change,74.1178420921335
2,779,25.966666666666665,direction_change,67.65930627744306
2,783,26.1,direction_change,132.50502763038045
2,787,26.233333333333334,direction_change,119.06614361526002
2,788,26.266666666666666,direction_change,179.1859168091755
2,796,26.533333333333335,direction_change,131.18429601654447
2,815,27.166666666666668,direction_change,108.10830930365684
2,824,27.466666666666665,direction_change,78.69144797797316
2,825,27.5,direction_change,70.56151192170388
2,62,2.066666666666667,stop_loot,60.0
2,295,9.833333333333334,stop_loot,60.0
3,10,0.3333333333333333,direction_change,180.0
3,11,0.36666666666666664,direction_change,180.0
3,20,0.6666666666666666,direction_change,180.0
3,24,0.8,direction_change,180.0
3,26,0.8666666666666667,direction_change,180.0
3,35,1.1666666666666667,direction_change,180.0
3,42,1.4,direction_change,180.0
3,215,7.166666666666667,direction_change,176.6687687551309
3,264,8.8,direction_change,171.16786762899653
3,270,9.0,direction_change,112.36498067330277
3,305,10.166666666666666,direction_change,61.50196941981265
3,309,10.3,direction_change,173.03087057415698
3,318,10.6,direction_change,137.76583688996112
3,347,11.566666666666666,direction_change,179.61367316332706
3,362,12.066666666666666,direction_change,176.04839758179415
3,369,12.3,direction_change,179.2698355722475
3,418,13.933333333333334,direction_change,61.371427550540496
3,424,14.133333333333333,direction_change,62.87997323230965
3,440,14.666666666666666,direction_change,128.4408699160626
3,450,15.0,direction_change,179.9929451588847
3,460,15.333333333333334,direction_change,179.99995944799863
3,465,15.5,direction_change,179.99999599544665
3,475,15.833333333333334,direction_change,179.99999608751764
3,482,16.066666666666666,direction_change,179.99999290802347
3,572,19.066666666666666,direction_change,180.0
3,579,19.3,direction_change,180.0
3,612,20.4,direction_change,180.0
3,619,20.633333333333333,direction_change,180.0
3,646,21.533333333333335,direction_change,154.2629455552216
3,656,21.866666666666667,direction_change,179.75804456006168
3,660,22.0,direction_change,179.7379963909823
3,680,22.666666666666668,direction_change,62.53152144899099
3,688,22.933333333333334,direction_change,63.9551733320206
3,689,22.966666666666665,direction_change,97.53335309365372
3,691,23.033333333333335,direction_change,65.82957040019186
3,696,23.2,direction_change,121.70256488770886
3,712,23.733333333333334,direction_change,175.15477176428013
3,715,23.833333333333332,direction_change,174.53965649187617
3,720,24.0,direction_change,179.19683620091638
3,725,24.166666666666668,direction_change,105.98962099976741
3,732,24.4,direction_change,145.31725261037664
3,738,24.6,direction_change,81.87822301333624
3,747,24.9,direction_change,159.73315887631358
3,755,25.166666666666668,direction_change,179.7079213237182
3,757,25.233333333333334,direction_change,179.96329118291428
3,763,25.433333333333334,direction_change,150.53251374770318
3,769,25.633333333333333,direction_change,60.2720449085451
3,777,25.9,direction_change,174.0429573215595
3,780,26.0,direction_change,179.62941164305246
3,782,26.066666666666666,direction_change,172.86702619150478
3,783,26.1,direction_change,179.36440739544003
3,784,26.133333333333333,direction_change,81.21626001661636
3,790,26.333333333333332,direction_change,74.51444721033512
3,796,26.533333333333335,direction_change,170.23447795429678
3,800,26.666666666666668,direction_change,78.41883825542355
3,810,27.0,direction_change,61.2276844429587
3,819,27.3,direction_change,178.78380615364264
3,825,27.5,direction_change,101.90270712585057
3,836,27.866666666666667,direction_change,116.33163783767381
3,841,28.033333333333335,direction_change,140.23124904095383
3,850,28.333333333333332,direction_change,179.95099535921412
3,854,28.466666666666665,direction_change,179.67803184420043
3,858,28.6,direction_change,179.93540190878488
3,868,28.933333333333334,direction_change,179.6196826808324
3,869,28.966666666666665,direction_change,86.62744172047249
3,875,29.166666666666668,direction_change,179.744130419865
3,881,29.366666666666667,direction_change,84.41041213210448
3,883,29.433333333333334,direction_change,66.07735788233418
3,886,29.533333333333335,direction_change,155.37247083088357
3,888,29.6,direction_change,114.62452477464846
3,902,30.066666666666666,direction_change,160.47732040076727
3,909,30.3,direction_change,115.82007214210827
3,915,30.5,direction_change,124.72677291974361
3,919,30.633333333333333,direction_change,76.7802262655257
3,920,30.666666666666668,direction_change,105.17433230934758
3,926,30.866666666666667,direction_change,178.4919315167396
3,939,31.3,direction_change,179.5197266811635
3,942,31.4,direction_change,72.50158325645947
3,946,31.533333333333335,direction_change,77.41251106522618
3,959,31.966666666666665,direction_change,62.35833086600959
3,962,32.06666666666667,direction_change,87.3191608328677
3,969,32.3,direction_change,152.53711785631606
3,1005,33.5,direction_change,74.02735930526565
3,1015,33.833333333333336,direction_change,121.11236371536545
3,1017,33.9,direction_change,76.6803921269982
3,1020,34.0,direction_change,176.03727967557927
3,1021,34.03333333333333,direction_change,84.09289041046766
3,1029,34.3,direction_change,71.64760781619727
3,1076,35.86666666666667,direction_change,115.94224422046224
3,1077,35.9,direction_change,80.92690408032054
3,1112,37.06666666666667,direction_change,148.7267669125208
3,1119,37.3,direction_change,179.41840902264948
3,62,2.066666666666667,stop_loot,60.0
4,7,0.23333333333333334,direction_change,180.0
4,10,0.3333333333333333,direction_change,76.25800619509099
4,18,0.6,direction_change,135.64489526830556
4,30,1.0,direction_change,77.0845882470873
4,40,1.3333333333333333,direction_change,163.64353504269067
4,47,1.5666666666666667,direction_change,130.58335570095556
4,93,3.1,direction_change,180.0
4,97,3.2333333333333334,direction_change,180.0
4,100,3.3333333333333335,direction_change,180.0
4,109,3.6333333333333333,direction_change,180.0
4,117,3.9,direction_change,84.46642665649081
4,120,4.0,direction_change,164.62523826576935
4,125,4.166666666666667,direction_change,179.01133318601464
4,137,4.566666666666666,direction_change,89.67482633259404
4,152,5.066666666666666,direction_change,176.0088018221847
4,155,5.166666666666667,direction_change,89.92423348810861
4,160,5.333333333333333,direction_change,179.87112828741687
4,163,5.433333333333334,direction_change,179.89072919894895
4,170,5.666666666666667,direction_change,82.71776397724632
4,175,5.833333333333333,direction_change,90.16125249394001
4,181,6.033333333333333,direction_change,72.7717591850976
4,185,6.166666666666667,direction_change,177.23904689165818
4,187,6.233333333333333,direction_change,132.75344769913426
4,199,6.633333333333334,direction_change,77.44041384321439
4,203,6.766666666666667,direction_change,61.473990767224116
4,213,7.1,direction_change,135.0685660742192
4,220,7.333333333333333,direction_change,107.31953271956483
4,225,7.5,direction_change,139.6400664072285
4,233,7.766666666666667,direction_change,179.99646990386873
4,236,7.866666666666666,direction_change,179.99720889302978
4,241,8.033333333333333,direction_change,129.68542534984266
4,249,8.3,direction_change,179.26625948433642
4,262,8.733333333333333,direction_change,71.96727530887658
4,268,8.933333333333334,direction_change,61.9403717704055
4,277,9.233333333333333,direction_change,111.62571785133231
4,303,10.1,direction_change,179.9806638073882
4,309,10.3,direction_change,179.799789227728
4,444,14.8,direction_change,180.0
4,445,14.833333333333334,direction_change,180.0
4,448,14.933333333333334,direction_change,180.0
4,452,15.066666666666666,direction_change,180.0
4,456,15.2,direction_change,180.0
4,457,15.233333333333333,direction_change,180.0
4,459,15.3,direction_change,180.0
4,461,15.366666666666667,direction_change,180.0
4,470,15.666666666666666,direction_change,180.0
4,477,15.9,direction_change,180.0
4,658,21.933333333333334,direction_change,180.0
4,663,22.1,direction_change,180.0
4,675,22.5,direction_change,180.0
4,688,22.933333333333334,direction_change,180.0
4,698,23.266666666666666,direction_change,180.0
4,705,23.5,direction_change,180.0
4,710,23.666666666666668,direction_change,134.96294126743413
4,724,24.133333333333333,direction_change,71.11396294088279
4,733,24.433333333333334,direction_change,61.6044959459355
4,738,24.6,direction_change,140.34466378180215
4,740,24.666666666666668,direction_change,103.28236941956732
4,747,24.9,direction_change,72.86671725267891
4,755,25.166666666666668,direction_change,61.51413514637954
4,756,25.2,direction_change,77.59008751089087
4,764,25.466666666666665,direction_change,134.0197579331207
4,787,26.233333333333334,direction_change,69.98428965136029
4,788,26.266666666666666,direction_change,116.57650618012438
4,793,26.433333333333334,direction_change,146.02189476493166
4,799,26.633333333333333,direction_change,143.0407948634985
4,806,26.866666666666667,direction_change,97.008013794148
4,819,27.3,direction_change,165.02824157549207
4,821,27.366666666666667,direction_change,176.9953452018261
4,824,27.466666666666665,direction_change,179.838676973875
4,827,27.566666666666666,direction_change,179.99458265127063
4,834,27.8,direction_change,179.99923118121657
4,836,27.866666666666667,direction_change,67.74383634610079
4,841,28.033333333333335,direction_change,82.40213192269914
4,846,28.2,direction_change,61.94908627660924
4,859,28.633333333333333,direction_change,169.46713229165823
4,866,28.866666666666667,direction_change,170.006318665299
4,881,29.366666666666667,direction_change,179.99118191301184
4,888,29.6,direction_change,179.98613452114589
4,890,29.666666666666668,direction_change,179.99888513310142
4,895,29.833333333333332,direction_change,179.99999774112726
4,896,29.866666666666667,direction_change,179.99999852122068
4,898,29.933333333333334,direction_change,179.99999914622634
4,906,30.2,direction_change,160.4437697641402
4,914,30.466666666666665,direction_change,90.02724950875638
4,924,30.8,direction_change,171.92054022952638
4,938,31.266666666666666,direction_change,179.9986796186987
4,945,31.5,direction_change,179.99976725466436
4,962,32.06666666666667,direction_change,179.99999704244132
4,965,32.166666666666664,direction_change,180.0
4,969,32.3,direction_change,180.0
4,972,32.4,direction_change,180.0
4,981,32.7,direction_change,180.0
4,992,33.06666666666667,direction_change,180.0
4,999,33.3,direction_change,180.0
4,1033,34.43333333333333,direction_change,180.0
4,1035,34.5,direction_change,180.0
4,1037,34.56666666666667,direction_change,180.0
4,1038,34.6,direction_change,180.0
4,1067,35.56666666666667,direction_change,61.077369846163094
4,1079,35.96666666666667,direction_change,179.02245559361035
4,1091,36.36666666666667,direction_change,74.84437844412456
4,1108,36.93333333333333,direction_change,101.96659296308042
4,1112,37.06666666666667,direction_change,173.60220585855643
4,1127,37.56666666666667,direction_change,140.72732655477657
4,1133,37.766666666666666,direction_change,70.23960417775706
4,1134,37.8,direction_change,71.43358145280372
4,1138,37.93333333333333,direction_change,179.9366229960372
4,1140,38.0,direction_change,179.83579031209067
4,1154,38.46666666666667,direction_change,155.51359410415597
4,1158,38.6,direction_change,61.331655592711094
4,1225,40.833333333333336,direction_change,63.4914053464819
4,1226,40.86666666666667,direction_change,100.46371251190838
4,1248,41.6,direction_change,64.13633481048956
4,1249,41.63333333333333,direction_change,77.55763915223027
4,1254,41.8,direction_change,68.9171959445775
4,62,2.066666666666667,stop_loot,60.0
5,9,0.3,direction_change,180.0
5,20,0.6666666666666666,direction_change,124.66802361034956
5,26,0.8666666666666667,direction_change,68.95498047094462
5,27,0.9,direction_change,63.929688023140386
5,46,1.5333333333333334,direction_change,179.99948554416787
5,55,1.8333333333333333,direction_change,179.99915338580894
5,62,2.066666666666667,direction_change,179.99424044177763
5,73,2.433333333333333,direction_change,89.99787075669563
5,89,2.966666666666667,direction_change,61.12983013264783
5,91,3.033333333333333,direction_change,81.20248927597089
5,97,3.2333333333333334,direction_change,174.0912628384842
5,107,3.566666666666667,direction_change,62.280673558513556
5,115,3.8333333333333335,direction_change,74.12835868573774
5,117,3.9,direction_change,73.68449848784948
5,120,4.0,direction_change,178.28453132104386
5,124,4.133333333333334,direction_change,178.83071902164522
5,128,4.266666666666667,direction_change,179.751075644856
5,129,4.3,direction_change,179.75828685379633
5,134,4.466666666666667,direction_change,179.97455694606566
5,143,4.766666666666667,direction_change,179.9523782919822
5,151,5.033333333333333,direction_change,179.92026122356162
5,157,5.233333333333333,direction_change,179.9935374592013
5,164,5.466666666666667,direction_change,118.59361860059718
5,165,5.5,direction_change,128.92170873773114
5,176,5.866666666666666,direction_change,175.0643974587988
5,183,6.1,direction_change,103.62063158900447
5,184,6.133333333333334,direction_change,136.09051787642474
5,188,6.266666666666667,direction_change,173.59034935038497
5,205,6.833333333333333,direction_change,132.5511795801402
5,213,7.1,direction_change,89.51665287185062
5,223,7.433333333333334,direction_change,159.37748142453577
5,238,7.933333333333334,direction_change,72.65540184096012
5,245,8.166666666666666,direction_change,68.16852884897449
5,352,11.733333333333333,direction_change,85.65784337185782
5,361,12.033333333333333,direction_change,108.23203533202867
5,375,12.5,direction_change,156.13651582722403
5,402,13.4,direction_change,70.99710988716943
5,403,13.433333333333334,direction_change,83.57313675859652
5,405,13.5,direction_change,83.68001904546765
5,408,13.6,direction_change,176.72397467336094
5,417,13.9,direction_change,169.86491468731052
5,467,15.566666666666666,direction_change,162.1949155528626
5,475,15.833333333333334,direction_change,65.42082451147212
5,483,16.1,direction_change,128.71869930333412
5,494,16.466666666666665,direction_change,168.4301541125647
5,499,16.633333333333333,direction_change,153.43194257572148
5,507,16.9,direction_change,64.22605474098889
5,579,19.3,direction_change,72.22542270592307
5,62,2.066666666666667,stop_loot,60.0
6,523,17.433333333333334,direction_change,79.47004440210948
6,546,18.2,direction_change,167.77598588320447
6,555,18.5,direction_change,95.53924488106419
6,669,22.3,direction_change,62.26504749122117
6,675,22.5,direction_change,63.88258397090862
6,678,22.6,direction_change,176.15170786750127
6,684,22.8,direction_change,81.049758434806
6,690,23.0,direction_change,178.4610543548051
6,790,26.333333333333332,direction_change,169.72566201316823
6,794,26.466666666666665,direction_change,159.1258559445327
6,804,26.8,direction_change,124.14242841555394
6,812,27.066666666666666,direction_change,138.3944483714872
6,1495,49.833333333333336,direction_change,65.28301076203198
6,1510,50.333333333333336,direction_change,92.44057484628169
6,62,2.066666666666667,stop_loot,60.0
7,22,0.7333333333333333,direction_change,180.0
7,61,2.033333333333333,direction_change,149.3829618017712
7,73,2.433333333333333,direction_change,164.42044238684983
7,81,2.7,direction_change,82.21086623890206
7,100,3.3333333333333335,direction_change,174.848382721121
7,108,3.6,direction_change,179.27044379361305
7,62,2.066666666666667,stop_loot,60.0
8,329,10.966666666666667,direction_change,120.47793676627636
8,617,20.566666666666666,direction_change,68.84666251418878
8,618,20.6,direction_change,77.90818829191625
8,624,20.8,direction_change,111.60132231228305
8,688,22.933333333333334,direction_change,180.0
8,697,23.233333333333334,direction_change,180.0
8,702,23.4,direction_change,180.0
8,711,23.7,direction_change,180.0
8,719,23.966666666666665,direction_change,180.0
8,811,27.033333333333335,direction_change,180.0
8,822,27.4,direction_change,180.0
8,829,27.633333333333333,direction_change,180.0
8,1331,44.36666666666667,direction_change,71.37186886789861
8,1417,47.233333333333334,direction_change,69.77366517800601
8,1426,47.53333333333333,direction_change,60.088027012694916
8,1451,48.36666666666667,direction_change,177.53234384551894
8,1458,48.6,direction_change,179.22182062143915
8,1489,49.63333333333333,direction_change,117.95255283054667
8,1498,49.93333333333333,direction_change,89.20677593685748
8,1617,53.9,direction_change,68.54504266621957
8,1618,53.93333333333333,direction_change,90.95051522334195
8,1632,54.4,direction_change,92.93333967776108
8,1653,55.1,direction_change,67.76331723136458
8,1731,57.7,direction_change,176.80922910693386
8,1736,57.86666666666667,direction_change,152.06275965420633
8,1746,58.2,direction_change,176.86075950842672
8,1780,59.333333333333336,direction_change,111.90636801988991
8,1790,59.666666666666664,direction_change,74.29400047390517
8,1803,60.1,direction_change,174.2942103503942
8,1804,60.13333333333333,direction_change,178.8550534334614
8,62,2.066666666666667,stop_loot,60.0
9,16,0.5333333333333333,direction_change,61.725555303327305
9,23,0.7666666666666667,direction_change,166.29423482031513
9,28,0.9333333333333333,direction_change,179.6596077417519
9,33,1.1,direction_change,102.52116946040805
9,43,1.4333333333333333,direction_change,112.22218723712939
9,50,1.6666666666666667,direction_change,92.29626078547204
9,51,1.7,direction_change,136.06969399573478
9,54,1.8,direction_change,179.84761756062665
9,59,1.9666666666666666,direction_change,179.98746586643173
9,69,2.3,direction_change,179.98696899945008
9,72,2.4,direction_change,129.68641397560046
9,80,2.6666666666666665,direction_change,179.9901660782087
9,113,3.7666666666666666,direction_change,60.91687152106826
9,126,4.2,direction_change,113.22552161272587
9,133,4.433333333333334,direction_change,177.49353286533778
9,143,4.766666666666667,direction_change,177.0882114919035
9,149,4.966666666666667,direction_change,75.57897358725369
9,62,2.066666666666667,stop_loot,60.0
10,46,1.5333333333333334,direction_change,101.88565921533329
10,54,1.8,direction_change,174.20877121683702
10,68,2.2666666666666666,direction_change,179.20149585937997
10,85,2.8333333333333335,direction_change,179.99853860460044
10,95,3.1666666666666665,direction_change,179.99999548225452
10,104,3.466666666666667,direction_change,180.0
10,118,3.933333333333333,direction_change,120.85339115991324
10,129,4.3,direction_change,174.05179135533405
10,146,4.866666666666666,direction_change,97.06480817627455
10,158,5.266666666666667,direction_change,117.10296393665605
10,169,5.633333333333334,direction_change,113.79882419161095
10,62,2.066666666666667,stop_loot,60.0
11,18,0.6,direction_change,160.13764845087638
11,35,1.1666666666666667,direction_change,146.42464528296188
11,47,1.5666666666666667,direction_change,84.2133138302141
11,63,2.1,direction_change,67.93998955384114
11,64,2.1333333333333333,direction_change,104.03127881309204
11,81,2.7,direction_change,124.445518039631
11,88,2.933333333333333,direction_change,60.301033099624405
11,91,3.033333333333333,direction_change,102.57160023583327
11,105,3.5,direction_change,71.4091860320439
11,107,3.566666666666667,direction_change,162.8243573885823
11,111,3.7,direction_change,179.2600912766101
11,120,4.0,direction_change,178.4248055213478
11,128,4.266666666666667,direction_change,179.51428136047187
11,131,4.366666666666666,direction_change,89.95771460231559
11,134,4.466666666666667,direction_change,113.67185978009715
11,143,4.766666666666667,direction_change,139.1428348763562
11,153,5.1,direction_change,171.54286741834568
11,166,5.533333333333333,direction_change,171.97252295855074
11,177,5.9,direction_change,179.91907260440638
11,191,6.366666666666666,direction_change,179.99908637722407
11,202,6.733333333333333,direction_change,179.99996763533403
11,221,7.366666666666666,direction_change,74.3973960728838
11,224,7.466666666666667,direction_change,174.6909367107794
11,238,7.933333333333334,direction_change,119.46373596958921
11,62,2.066666666666667,stop_loot,60.0
12,131,4.366666666666666,direction_change,114.47004513222122
12,132,4.4,direction_change,157.45166439791345
12,145,4.833333333333333,direction_change,132.3071110435378
12,147,4.9,direction_change,62.34237026287825
12,156,5.2,direction_change,113.02643472529778
12,158,5.266666666666667,direction_change,154.17896315303662
12,168,5.6,direction_change,127.04752046429923
12,177,5.9,direction_change,174.60357107286944
12,186,6.2,direction_change,78.8845560559606
12,191,6.366666666666666,direction_change,171.63798838776637
12,211,7.033333333333333,direction_change,91.20571749360694
12,224,7.466666666666667,direction_change,78.311434794442
12,236,7.866666666666666,direction_change,106.99508061811831
12,243,8.1,direction_change,112.37286411632442
12,278,9.266666666666667,direction_change,179.999974117841
12,284,9.466666666666667,direction_change,179.99999590544545
12,291,9.7,direction_change,180.0
12,292,9.733333333333333,direction_change,180.0
12,297,9.9,direction_change,74.9694448182937
12,353,11.766666666666667,direction_change,133.42380521201335
12,389,12.966666666666667,direction_change,143.08091016958878
12,390,13.0,direction_change,102.5670774524611
12,391,13.033333333333333,direction_change,69.0725334020964
12,400,13.333333333333334,direction_change,86.13243548212535
12,415,13.833333333333334,direction_change,81.0118418585892
12,422,14.066666666666666,direction_change,65.09479643269367
12,429,14.3,direction_change,163.7828185689237
12,440,14.666666666666666,direction_change,81.11852592075972
12,443,14.766666666666667,direction_change,151.4750994219574
12,447,14.9,direction_change,179.86553751586786
12,456,15.2,direction_change,179.63792068312213
12,464,15.466666666666667,direction_change,178.30164636583922
12,497,16.566666666666666,direction_change,180.0
12,499,16.633333333333333,direction_change,180.0
12,504,16.8,direction_change,180.0
12,513,17.1,direction_change,180.0
12,62,2.066666666666667,stop_loot,60.0
13,33,1.1,direction_change,72.06683960172626
13,53,1.7666666666666666,direction_change,142.25256113676406
13,63,2.1,direction_change,179.99460334830925
13,70,2.3333333333333335,direction_change,179.9912729442789
13,83,2.7666666666666666,direction_change,153.4362785570473
13,87,2.9,direction_change,179.9989839788695
13,94,3.1333333333333333,direction_change,82.45286150354228
13,107,3.566666666666667,direction_change,171.34149755779939
13,122,4.066666666666666,direction_change,99.42544284877486
13,148,4.933333333333334,direction_change,179.57989426736486
13,162,5.4,direction_change,153.30836374903868
13,171,5.7,direction_change,108.2998077315786
13,185,6.166666666666667,direction_change,178.67541619050854
13,192,6.4,direction_change,177.20029835429884
13,197,6.566666666666666,direction_change,179.866357770372
13,200,6.666666666666667,direction_change,179.9997662561719
13,203,6.766666666666667,direction_change,179.99852154061037
13,213,7.1,direction_change,179.99990486264224
13,220,7.333333333333333,direction_change,179.99981913091946
13,302,10.066666666666666,direction_change,180.0
13,310,10.333333333333334,direction_change,180.0
13,315,10.5,direction_change,180.0
13,322,10.733333333333333,direction_change,180.0
13,323,10.766666666666667,direction_change,180.0
13,332,11.066666666666666,direction_change,180.0
13,335,11.166666666666666,direction_change,180.0
13,342,11.4,direction_change,180.0
13,352,11.733333333333333,direction_change,180.0
13,359,11.966666666666667,direction_change,180.0
13,395,13.166666666666666,direction_change,180.0
13,405,13.5,direction_change,180.0
13,412,13.733333333333333,direction_change,180.0
13,443,14.766666666666667,direction_change,180.0
13,456,15.2,direction_change,180.0
13,463,15.433333333333334,direction_change,180.0
13,499,16.633333333333333,direction_change,180.0
13,501,16.7,direction_change,180.0
13,504,16.8,direction_change,180.0
13,511,17.033333333333335,direction_change,180.0
13,520,17.333333333333332,direction_change,180.0
13,524,17.466666666666665,direction_change,180.0
13,527,17.566666666666666,direction_change,180.0
13,536,17.866666666666667,direction_change,180.0
13,539,17.966666666666665,direction_change,180.0
13,545,18.166666666666668,direction_change,180.0
13,561,18.7,direction_change,180.0
13,562,18.733333333333334,direction_change,180.0
13,563,18.766666666666666,direction_change,180.0
13,566,18.866666666666667,direction_change,180.0
13,575,19.166666666666668,direction_change,180.0
13,591,19.7,direction_change,180.0
13,598,19.933333333333334,direction_change,180.0
13,617,20.566666666666666,direction_change,180.0
13,621,20.7,direction_change,180.0
13,631,21.033333333333335,direction_change,83.14588067598699
13,677,22.566666666666666,direction_change,138.28063441519274
13,679,22.633333333333333,direction_change,77.23283182123139
13,695,23.166666666666668,direction_change,179.13946366805675
13,709,23.633333333333333,direction_change,179.99134773827083
13,716,23.866666666666667,direction_change,179.98600368899184
13,717,23.9,direction_change,89.86416281055801
13,720,24.0,direction_change,179.6377264845722
13,730,24.333333333333332,direction_change,179.606113714586
13,746,24.866666666666667,direction_change,179.99872110008363
13,753,25.1,direction_change,179.99702582622683
13,785,26.166666666666668,direction_change,180.0
13,792,26.4,direction_change,180.0
13,793,26.433333333333334,direction_change,180.0
13,798,26.6,direction_change,180.0
13,804,26.8,direction_change,99.40745706524176
13,806,26.866666666666667,direction_change,119.00211434507659
13,807,26.9,direction_change,75.63264008044708
13,816,27.2,direction_change,137.87944070765462
13,831,27.7,direction_change,178.7392803222581
13,838,27.933333333333334,direction_change,179.25447886702432
13,845,28.166666666666668,direction_change,179.89227174899608
13,847,28.233333333333334,direction_change,81.69063422922369
13,857,28.566666666666666,direction_change,152.88595614206912
13,864,28.8,direction_change,121.28258262364382
13,963,32.1,direction_change,180.0
13,970,32.333333333333336,direction_change,180.0
13,1013,33.766666666666666,direction_change,180.0
13,1020,34.0,direction_change,180.0
13,1027,34.233333333333334,direction_change,63.4254453220429
13,1234,41.13333333333333,direction_change,157.58207129695916
13,62,2.066666666666667,stop_loot,60.0
14,14,0.4666666666666667,direction_change,89.84680192447897
14,22,0.7333333333333333,direction_change,144.8082664128146
14,30,1.0,direction_change,78.50874931838408
14,33,1.1,direction_change,154.68476089964443
14,43,1.4333333333333333,direction_change,152.52517998639726
14,50,1.6666666666666667,direction_change,166.51735966578931
14,72,2.4,direction_change,179.99888900196706
14,77,2.566666666666667,direction_change,179.99823040772617
14,89,2.966666666666667,direction_change,179.99999914622634
14,93,3.1,direction_change,112.90855645580702
14,124,4.133333333333334,direction_change,175.01668223840537
14,128,4.266666666666667,direction_change,80.05859273612153
14,131,4.366666666666666,direction_change,78.1897515907175
14,135,4.5,direction_change,80.04734640459023
14,137,4.566666666666666,direction_change,170.20860905554014
14,154,5.133333333333334,direction_change,130.47070131520792
14,171,5.7,direction_change,148.39733835193425
14,181,6.033333333333333,direction_change,81.95208059787683
14,191,6.366666666666666,direction_change,179.5519028409404
14,214,7.133333333333334,direction_change,74.74500969247234
14,219,7.3,direction_change,103.95304139870251
14,223,7.433333333333334,direction_change,98.68706067718745
14,224,7.466666666666667,direction_change,85.90686908787605
14,233,7.766666666666667,direction_change,87.2397640884139
14,254,8.466666666666667,direction_change,132.48967164196716
14,258,8.6,direction_change,95.50128439610857
14,284,9.466666666666667,direction_change,64.00515435577762
14,286,9.533333333333333,direction_change,142.93165413387032
14,296,9.866666666666667,direction_change,176.88960288348497
14,300,10.0,direction_change,88.37079332802398
14,303,10.1,direction_change,178.2516328844067
14,308,10.266666666666667,direction_change,85.82371240817797
14,318,10.6,direction_change,179.876212730755
14,335,11.166666666666666,direction_change,73.6471545651697
14,343,11.433333333333334,direction_change,109.98533125938879
14,344,11.466666666666667,direction_change,105.26800371387289
14,353,11.766666666666667,direction_change,90.39178263770407
14,62,2.066666666666667,stop_loot,60.0
15,7,0.23333333333333334,direction_change,126.77840434612615
15,27,0.9,direction_change,121.57939146720305
15,30,1.0,direction_change,60.144646555180856
15,40,1.3333333333333333,direction_change,124.12953340788403
15,47,1.5666666666666667,direction_change,101.62936930641125
15,92,3.066666666666667,direction_change,73.87744477450555
15,104,3.466666666666667,direction_change,78.62250144043787
15,147,4.9,direction_change,132.74599357386413
15,151,5.033333333333333,direction_change,129.59159801370095
15,169,5.633333333333334,direction_change,65.30871471018683
15,205,6.833333333333333,direction_change,75.5971983469391
15,213,7.1,direction_change,67.28163068779345
15,226,7.533333333333333,direction_change,67.94222788510932
15,249,8.3,direction_change,179.9840979453494
15,251,8.366666666666667,direction_change,179.99192483052067
15,260,8.666666666666666,direction_change,179.94813734180985
15,267,8.9,direction_change,90.0171915384498
15,298,9.933333333333334,direction_change,145.8498464670708
15,307,10.233333333333333,direction_change,65.56480077903589
15,317,10.566666666666666,direction_change,60.74014958405809
15,328,10.933333333333334,direction_change,113.31905337601393
15,329,10.966666666666667,direction_change,174.14694857356568
15,338,11.266666666666667,direction_change,73.53624021053007
15,341,11.366666666666667,direction_change,84.08107692059117
15,351,11.7,direction_change,142.29213246915785
15,353,11.766666666666667,direction_change,146.5045262069838
15,358,11.933333333333334,direction_change,177.64497099838545
15,369,12.3,direction_change,79.48704771886663
15,376,12.533333333333333,direction_change,93.2082191909342
15,385,12.833333333333334,direction_change,179.75234947393344
15,386,12.866666666666667,direction_change,179.9376590086001
15,388,12.933333333333334,direction_change,179.98455725830172
15,396,13.2,direction_change,88.42368457072607
15,414,13.8,direction_change,179.60283044577008
15,421,14.033333333333333,direction_change,175.46682086289766
15,447,14.9,direction_change,179.99999260610335
15,451,15.033333333333333,direction_change,89.36571007257153
15,480,16.0,direction_change,155.3742677409715
15,483,16.1,direction_change,179.9942577546228
15,504,16.8,direction_change,103.30568458925303
15,507,16.9,direction_change,78.74516023616096
15,510,17.0,direction_change,66.23141550171148
15,63,2.1,stop_loot,60.0
16,28,0.9333333333333333,direction_change,119.44828762368074
16,38,1.2666666666666666,direction_change,177.2717227581439
16,45,1.5,direction_change,172.13759800469336
16,79,2.6333333333333333,direction_change,106.53086530595225
16,99,3.3,direction_change,174.1204276209419
16,107,3.566666666666667,direction_change,75.08802112189483
16,113,3.7666666666666666,direction_change,92.90362726956847
16,130,4.333333333333333,direction_change,137.2090828886148
16,186,6.2,direction_change,69.93760064737482
16,208,6.933333333333334,direction_change,104.66823414266356
16,211,7.033333333333333,direction_change,163.67868181921614
16,230,7.666666666666667,direction_change,175.7991755763671
16,244,8.133333333333333,direction_change,169.90909464182948
16,246,8.2,direction_change,90.99526140625277
16,247,8.233333333333333,direction_change,70.908016013091
16,250,8.333333333333334,direction_change,99.66906097325204
16,251,8.366666666666667,direction_change,106.43803229343746
16,258,8.6,direction_change,95.908850914164
16,63,2.1,stop_loot,60.0
17,32,1.0666666666666667,direction_change,102.04833743438023
17,33,1.1,direction_change,100.80010088862691
17,36,1.2,direction_change,136.52517861951137
18,6,0.2,direction_change,180.0
18,7,0.23333333333333334,direction_change,180.0
18,13,0.43333333333333335,direction_change,112.71049774850148
19,18,0.6,direction_change,180.0
21,55,1.8333333333333333,direction_change,180.0
21,71,2.3666666666666667,direction_change,152.1894349505066
22,53,1.7666666666666666,direction_change,113.27312087946102
22,66,2.2,direction_change,121.93271109155016
24,99,3.3,direction_change,117.29988926370052
24,105,3.5,direction_change,60.540468955343776
24,119,3.966666666666667,direction_change,179.5954451803102
24,129,4.3,direction_change,113.29471769845507
24,144,4.8,direction_change,146.45881600327283
24,162,5.4,direction_change,139.9808912613622
24,185,6.166666666666667,direction_change,177.2459502644639
24,204,6.8,direction_change,176.6719128250399
24,207,6.9,direction_change,178.97467203798726
24,216,7.2,direction_change,174.74270318567224
24,223,7.433333333333334,direction_change,158.55220956123077
24,227,7.566666666666666,direction_change,179.42357921944506
24,230,7.666666666666667,direction_change,179.9990621417937
24,231,7.7,direction_change,87.05320027865967
24,241,8.033333333333333,direction_change,129.8944756490363
24,254,8.466666666666667,direction_change,109.68430077061568
24,267,8.9,direction_change,62.629140068479956
24,269,8.966666666666667,direction_change,90.11385568509544
24,277,9.233333333333333,direction_change,96.07209497494146
24,296,9.866666666666667,direction_change,146.79087216299547
24,297,9.9,direction_change,176.16956749614036
24,299,9.966666666666667,direction_change,155.86473392998465
24,142,4.733333333333333,stop_loot,60.0
25,95,3.1666666666666665,direction_change,141.87832152563166
25,107,3.566666666666667,direction_change,61.017886593331504
25,118,3.933333333333333,direction_change,110.79417201686593
25,127,4.233333333333333,direction_change,137.4645089571281
25,134,4.466666666666667,direction_change,101.3561588299554
25,146,4.866666666666666,direction_change,179.45220424938066
25,153,5.1,direction_change,178.9717171691586
25,155,5.166666666666667,direction_change,179.86475830902725
25,168,5.6,direction_change,164.28865339126725
25,145,4.833333333333333,stop_loot,60.0
26,120,4.0,direction_change,87.73989213271356
26,140,4.666666666666667,direction_change,133.55924973889825
26,148,4.933333333333334,direction_change,120.48394079329654
26,158,5.266666666666667,direction_change,155.96574383297596
26,149,4.966666666666667,stop_loot,60.0
27,132,4.4,direction_change,89.1393466380972
27,139,4.633333333333334,direction_change,163.54650432018602
27,149,4.966666666666667,direction_change,178.32892540621214
27,156,5.2,direction_change,168.87611616468956
27,176,5.866666666666666,direction_change,91.18775185572406
27,181,6.033333333333333,direction_change,65.26656652051413
27,184,6.133333333333334,direction_change,143.6351628754327
27,196,6.533333333333333,direction_change,75.34844603474332
27,199,6.633333333333334,direction_change,160.28617624320796
27,208,6.933333333333334,direction_change,68.10944846442487
27,210,7.0,direction_change,161.59843510730272
27,215,7.166666666666667,direction_change,99.36714284096047
27,222,7.4,direction_change,76.24620355465106
27,223,7.433333333333334,direction_change,75.5730521239299
27,235,7.833333333333333,direction_change,145.31193291829365
27,203,6.766666666666667,stop_loot,60.0
28,150,5.0,direction_change,125.15739904953101
28,152,5.066666666666666,direction_change,145.5154619868366
28,157,5.233333333333333,direction_change,171.7273609277904
28,175,5.833333333333333,direction_change,92.75450979789036
28,178,5.933333333333334,direction_change,105.02275003701325
28,181,6.033333333333333,direction_change,82.86641388476122
28,195,6.5,direction_change,63.592462784660526
28,200,6.666666666666667,direction_change,91.91247578637017
28,202,6.733333333333333,direction_change,60.836234998604404
28,203,6.766666666666667,direction_change,145.30580656211447
28,208,6.933333333333334,direction_change,174.00049710709513
28,218,7.266666666666667,direction_change,162.36691499032315
28,244,8.133333333333333,direction_change,62.87406293447213
28,249,8.3,direction_change,63.61057927061813
28,270,9.0,direction_change,68.2398467521959
28,183,6.1,stop_loot,60.0
29,150,5.0,direction_change,135.37318895091687
29,167,5.566666666666666,direction_change,138.5994795251824
31,145,4.833333333333333,direction_change,67.36172543236857
31,150,5.0,direction_change,134.57173772152024
31,151,5.033333333333333,direction_change,71.4627926697657
31,157,5.233333333333333,direction_change,149.17927932304437
31,158,5.266666666666667,direction_change,170.6613787221861
31,162,5.4,direction_change,176.64659754621755
32,167,5.566666666666666,direction_change,83.68566682832541
32,176,5.866666666666666,direction_change,171.50800782881257
32,199,6.633333333333334,direction_change,135.28929520105567
32,203,6.766666666666667,direction_change,111.4715530603058
32,209,6.966666666666667,direction_change,147.43105564035923
32,211,7.033333333333333,direction_change,64.89312539989892
32,215,7.166666666666667,direction_change,100.30127087246674
32,222,7.4,direction_change,113.90288973462005
32,212,7.066666666666666,stop_loot,60.0
33,204,6.8,direction_change,66.9584100687581
33,210,7.0,direction_change,73.63579114259562
33,212,7.066666666666666,direction_change,101.84748763711522
33,225,7.5,direction_change,89.3022546702366
33,243,8.1,direction_change,66.68067750312935
33,244,8.133333333333333,direction_change,72.3740757659868
33,245,8.166666666666666,direction_change,107.90613420199587
33,253,8.433333333333334,direction_change,79.25898133824478
33,439,14.633333333333333,direction_change,107.40967077409591
33,440,14.666666666666666,direction_change,179.49135915512528
33,444,14.8,direction_change,175.95487889161888
33,449,14.966666666666667,direction_change,178.56717523207885
33,452,15.066666666666666,direction_change,179.28083640022808
33,462,15.4,direction_change,178.92034481040596
33,469,15.633333333333333,direction_change,178.07569781647982
33,473,15.766666666666667,direction_change,179.99977775630768
33,485,16.166666666666668,direction_change,179.99978390079937
33,492,16.4,direction_change,179.99975519017678
33,498,16.6,direction_change,89.8691384591277
33,502,16.733333333333334,direction_change,179.9577237938088
33,509,16.966666666666665,direction_change,157.26304160158867
33,565,18.833333333333332,direction_change,175.31067248774485
33,572,19.066666666666666,direction_change,140.77616965015358
33,619,20.633333333333333,direction_change,85.83517267165668
33,622,20.733333333333334,direction_change,175.22686442842704
33,630,21.0,direction_change,175.60350003970652
33,637,21.233333333333334,direction_change,95.71309615559609
33,643,21.433333333333334,direction_change,66.57627843756279
33,644,21.466666666666665,direction_change,68.32421188748374
33,243,8.1,stop_loot,60.0
34,206,6.866666666666666,direction_change,60.331975063961096
34,211,7.033333333333333,direction_change,114.57605908306864
34,225,7.5,direction_change,175.20547054640207
34,230,7.666666666666667,direction_change,101.93814551848634
34,236,7.866666666666666,direction_change,68.17643013013698
34,242,8.066666666666666,direction_change,62.70075285629565
34,243,8.1,direction_change,68.06207263356207
34,249,8.3,stop_loot,60.0
36,211,7.033333333333333,direction_change,180.0
36,236,7.866666666666666,direction_change,179.91793771826866
36,243,8.1,direction_change,179.9151818355062
36,278,9.266666666666667,direction_change,180.0
36,282,9.4,direction_change,180.0
36,284,9.466666666666667,direction_change,180.0
36,291,9.7,direction_change,180.0
36,294,9.8,direction_change,180.0
36,296,9.866666666666667,direction_change,180.0
36,298,9.933333333333334,direction_change,180.0
36,260,8.666666666666666,stop_loot,60.0
37,208,6.933333333333334,direction_change,180.0
37,212,7.066666666666666,direction_change,88.7807694624582
37,221,7.366666666666666,direction_change,107.78736873466723
37,231,7.7,direction_change,62.522842259291735
37,250,8.333333333333334,direction_change,152.70197373163018
37,264,8.8,direction_change,66.02200816288565
37,265,8.833333333333334,direction_change,76.39588941457085
37,269,8.966666666666667,direction_change,64.94390863458794
37,277,9.233333333333333,direction_change,104.9266471659346
37,286,9.533333333333333,direction_change,128.58996507508175
37,300,10.0,direction_change,140.66364918982225
37,337,11.233333333333333,direction_change,150.88834889927972
37,342,11.4,direction_change,144.87236249291718
37,353,11.766666666666667,direction_change,69.03783058200408
37,356,11.866666666666667,direction_change,168.10712584972748
37,359,11.966666666666667,direction_change,114.67998361851487
37,360,12.0,direction_change,63.055260750499734
37,369,12.3,direction_change,173.11607153179241
37,370,12.333333333333334,direction_change,85.69617169010364
37,396,13.2,direction_change,65.36142456683929
37,419,13.966666666666667,direction_change,90.3535462113232
37,435,14.5,direction_change,131.15104478607432
37,449,14.966666666666667,direction_change,179.12460705820249
37,452,15.066666666666666,direction_change,68.67538033108781
37,465,15.5,direction_change,139.64701665637926
37,473,15.766666666666667,direction_change,86.78322588811058
37,482,16.066666666666666,direction_change,177.1022658226581
37,495,16.5,direction_change,177.3896825882994
37,498,16.6,direction_change,116.10083859181783
37,516,17.2,direction_change,80.95354283923814
37,532,17.733333333333334,direction_change,140.4097989561724
37,548,18.266666666666666,direction_change,179.897215884046
37,555,18.5,direction_change,179.9858710520856
37,651,21.7,direction_change,177.6657384706607
37,657,21.9,direction_change,111.41310813311833
37,676,22.533333333333335,direction_change,173.10166501406118
37,705,23.5,direction_change,91.2315867482573
37,708,23.6,direction_change,173.31060824143017
37,719,23.966666666666665,direction_change,135.12846344789259
37,725,24.166666666666668,direction_change,110.40027395929243
37,726,24.2,direction_change,63.98914021487326
37,806,26.866666666666667,direction_change,65.98951051915367
37,807,26.9,direction_change,70.83069019325256
37,810,27.0,direction_change,82.57308312192767
37,820,27.333333333333332,direction_change,176.0307240124478
37,827,27.566666666666666,direction_change,177.5339409966118
37,879,29.3,direction_change,180.0
37,888,29.6,direction_change,180.0
37,896,29.866666666666667,direction_change,180.0
37,963,32.1,direction_change,180.0
37,970,32.333333333333336,direction_change,180.0
37,973,32.43333333333333,direction_change,180.0
37,983,32.766666666666666,direction_change,180.0
37,990,33.0,direction_change,180.0
37,1026,34.2,direction_change,70.6980013894684
37,1027,34.233333333333334,direction_change,82.97619943578852
37,1032,34.4,direction_change,61.998125620258506
37,1035,34.5,direction_change,178.0354420623557
37,1036,34.53333333333333,direction_change,178.66828387859678
37,1044,34.8,direction_change,129.12154266649816
37,1063,35.43333333333333,direction_change,169.53130284480343
37,1068,35.6,direction_change,72.25724436938701
37,1073,35.766666666666666,direction_change,67.7375417989974
37,1081,36.03333333333333,direction_change,72.13068635799095
37,1111,37.03333333333333,direction_change,149.54200579487068
37,1117,37.233333333333334,direction_change,86.8382487245122
37,1124,37.46666666666667,direction_change,179.71471710249557
37,1143,38.1,direction_change,133.9804924825171
37,1148,38.266666666666666,direction_change,109.25213237477263
37,1154,38.46666666666667,direction_change,64.32986279153157
37,1155,38.5,direction_change,72.75679439060339
37,1160,38.666666666666664,direction_change,70.96463169771353
37,1161,38.7,direction_change,83.06725367709758
37,1167,38.9,direction_change,142.50665613491873
37,1189,39.63333333333333,direction_change,161.1941210998159
37,1192,39.733333333333334,direction_change,177.8726690917016
37,1202,40.06666666666667,direction_change,179.85181109276903
37,1217,40.56666666666667,direction_change,179.99812064017883
37,1224,40.8,direction_change,179.99573371897364
37,1230,41.0,direction_change,89.96101260065572
37,1237,41.233333333333334,direction_change,179.9963726709468
37,1244,41.46666666666667,direction_change,179.9993245490246
37,1255,41.833333333333336,direction_change,60.545261707566006
37,1277,42.56666666666667,direction_change,130.78805084590243
37,1288,42.93333333333333,direction_change,75.0737281219486
37,1289,42.96666666666667,direction_change,77.75758265549258
37,1303,43.43333333333333,direction_change,91.26300062904035
37,1315,43.833333333333336,direction_change,90.28034060995292
37,1322,44.06666666666667,direction_change,93.99382041962588
37,1335,44.5,direction_change,130.6370735406771
37,1338,44.6,direction_change,179.98899698381115
37,1339,44.63333333333333,direction_change,179.99514224192467
37,1348,44.93333333333333,direction_change,179.99911701352514
37,1353,45.1,direction_change,90.41017341630194
37,1363,45.43333333333333,direction_change,138.74148751227068
37,1370,45.666666666666664,direction_change,174.00751869364294
37,1374,45.8,direction_change,67.8554800628704
37,1380,46.0,direction_change,179.9633084832123
37,1489,49.63333333333333,direction_change,123.26628107888449
37,1496,49.86666666666667,direction_change,75.02405606176502
37,1506,50.2,direction_change,178.35924947488368
37,1526,50.86666666666667,direction_change,101.94020355215417
37,1537,51.233333333333334,direction_change,86.66964588973764
37,1542,51.4,direction_change,164.16250426563815
37,1552,51.733333333333334,direction_change,93.64852352044002
37,1562,52.06666666666667,direction_change,62.71648831061031
37,1563,52.1,direction_change,94.91549060239815
37,1567,52.233333333333334,direction_change,141.02945467939077
37,1575,52.5,direction_change,179.6737687070318
37,265,8.833333333333334,stop_loot,60.0
38,324,10.8,direction_change,175.80676411390044
38,331,11.033333333333333,direction_change,142.09161708884028
38,332,11.066666666666666,direction_change,64.76458758476772
38,342,11.4,direction_change,178.54407736605026
38,350,11.666666666666666,direction_change,179.99841612700274
38,285,9.5,stop_loot,60.0
39,259,8.633333333333333,direction_change,155.6204928071975
39,282,9.4,direction_change,120.0912168070051
39,301,10.033333333333333,direction_change,156.1043076582989
39,318,10.6,direction_change,175.33580229802874
39,327,10.9,direction_change,60.5847871127922
39,336,11.2,direction_change,174.40574127764737
39,343,11.433333333333334,direction_change,126.00669944599366
39,344,11.466666666666667,direction_change,72.76362338468485
39,353,11.766666666666667,direction_change,119.38019633867107
39,366,12.2,direction_change,148.83959252150825
39,372,12.4,direction_change,126.68191490680636
39,430,14.333333333333334,direction_change,71.2972261695537
39,433,14.433333333333334,direction_change,74.16445041795865
39,440,14.666666666666666,direction_change,64.75664677489816
39,362,12.066666666666666,stop_loot,60.0
39,492,16.4,stop_loot,60.0
40,256,8.533333333333333,direction_change,134.32396073045504
40,259,8.633333333333333,direction_change,66.7190216336184
40,262,8.733333333333333,direction_change,72.8475520420271
40,265,8.833333333333334,direction_change,106.10171695656976
40,284,9.466666666666667,direction_change,170.52557892242635
40,294,9.8,direction_change,129.26102619593306
40,303,10.1,direction_change,128.80149389008685
40,309,10.3,direction_change,132.92689059361166
40,301,10.033333333333333,stop_loot,60.0
41,254,8.466666666666667,direction_change,126.40289202902929
41,263,8.766666666666667,direction_change,107.90652856622607
41,267,8.9,direction_change,170.93175433948963
41,284,9.466666666666667,direction_change,97.44724558689369
41,295,9.833333333333334,direction_change,179.92771450230603
41,301,10.033333333333333,direction_change,179.7602615805817
41,306,10.2,direction_change,179.98407579593191
41,331,11.033333333333333,direction_change,119.45781760408407
41,344,11.466666666666667,direction_change,157.43159114896181
41,353,11.766666666666667,direction_change,170.64473975320686
41,369,12.3,direction_change,103.75870485652023
41,302,10.066666666666666,stop_loot,60.0
43,273,9.1,direction_change,180.0
43,274,9.133333333333333,direction_change,81.13170634239478
43,281,9.366666666666667,direction_change,86.30547938821836
43,294,9.8,direction_change,131.79551596314943
43,303,10.1,direction_change,175.36871120800745
43,312,10.4,direction_change,119.6303502902975
43,317,10.566666666666666,direction_change,177.00935845147401
43,330,11.0,stop_loot,60.0
45,314,10.466666666666667,direction_change,66.76315862325056
45,317,10.566666666666666,direction_change,63.91354364424786
45,318,10.6,direction_change,74.64087311963814
45,325,10.833333333333334,direction_change,109.35413175220108
45,330,11.0,direction_change,174.3972893877777
45,335,11.166666666666666,direction_change,61.78437126877164
45,344,11.466666666666667,direction_change,144.52228005560852
45,347,11.566666666666666,direction_change,179.63606612224712
45,348,11.6,direction_change,179.89180688908706
45,353,11.766666666666667,direction_change,111.40184690396292
45,368,12.266666666666667,direction_change,172.55562839113048
45,370,12.333333333333334,direction_change,138.88567683907854
45,371,12.366666666666667,direction_change,100.43501932234753
45,378,12.6,direction_change,70.16714141541479
45,383,12.766666666666667,direction_change,67.50406643294755
45,384,12.8,direction_change,62.25400010379272
45,350,11.666666666666666,stop_loot,60.0
46,304,10.133333333333333,direction_change,146.71074211984453
46,314,10.466666666666667,direction_change,105.49542206929097
47,305,10.166666666666666,direction_change,120.09205271551735
47,314,10.466666666666667,direction_change,111.12616492616839
47,326,10.866666666666667,direction_change,110.7826295105248
47,332,11.066666666666666,direction_change,109.38503148016501
47,341,11.366666666666667,direction_change,172.1515376727826
47,380,12.666666666666666,direction_change,84.03620212158319
47,384,12.8,direction_change,87.34062905133611
47,399,13.3,direction_change,64.55500864529552
47,402,13.4,direction_change,124.95060659686764
47,415,13.833333333333334,direction_change,122.92738608063146
47,422,14.066666666666666,direction_change,100.00108122578276
47,428,14.266666666666667,direction_change,94.24938559024098
47,438,14.6,direction_change,179.8134396859653
47,445,14.833333333333334,direction_change,179.41802449579134
47,455,15.166666666666666,direction_change,179.99897868757225
47,462,15.4,direction_change,179.99753931267006
47,500,16.666666666666668,direction_change,180.0
47,509,16.966666666666665,direction_change,180.0
47,516,17.2,direction_change,180.0
47,564,18.8,direction_change,180.0
47,571,19.033333333333335,direction_change,180.0
47,581,19.366666666666667,direction_change,180.0
47,591,19.7,direction_change,180.0
47,598,19.933333333333334,direction_change,180.0
47,656,21.866666666666667,direction_change,106.53086338604312
47,665,22.166666666666668,direction_change,159.05735126806312
47,676,22.533333333333335,direction_change,62.61815428425896
47,683,22.766666666666666,direction_change,65.28536797266374
47,684,22.8,direction_change,172.84858375522916
47,689,22.966666666666665,direction_change,177.45639212208465
47,696,23.2,direction_change,72.41516821287077
47,697,23.233333333333334,direction_change,79.0925163837023
47,698,23.266666666666666,direction_change,162.71192650556213
47,699,23.3,direction_change,172.9907752645311
47,708,23.6,direction_change,178.7812519453677
47,711,23.7,direction_change,179.74542959473072
47,721,24.033333333333335,direction_change,179.85745823664922
47,728,24.266666666666666,direction_change,179.54492965863858
47,742,24.733333333333334,direction_change,179.99998964854467
47,751,25.033333333333335,direction_change,179.99998221361824
47,758,25.266666666666666,direction_change,179.99978992656975
47,767,25.566666666666666,direction_change,134.9990844221859
47,792,26.4,direction_change,128.83881747729603
47,820,27.333333333333332,direction_change,162.92045397475158
47,822,27.4,direction_change,178.09511359009863
47,829,27.633333333333333,direction_change,74.81805673215308
47,839,27.966666666666665,direction_change,178.64548546846618
47,846,28.2,direction_change,108.88277597618831
47,855,28.5,direction_change,105.99337313501965
47,860,28.666666666666668,direction_change,85.91030619432335
47,870,29.0,direction_change,167.46187440643743
47,877,29.233333333333334,direction_change,142.01181113103283
47,902,30.066666666666666,direction_change,179.9998209373874
47,912,30.4,direction_change,134.106282079783
47,921,30.7,direction_change,158.5293684871483
47,928,30.933333333333334,direction_change,66.56281851656657
47,929,30.966666666666665,direction_change,87.90375154191912
47,932,31.066666666666666,direction_change,138.4728455192755
47,939,31.3,direction_change,77.31888457375649
47,958,31.933333333333334,direction_change,164.4570923268661
47,991,33.03333333333333,direction_change,179.99431788724706
47,998,33.266666666666666,direction_change,179.9892798087885
47,1008,33.6,direction_change,89.99668714006873
47,1011,33.7,direction_change,179.99436762179883
47,1020,34.0,direction_change,179.97650608165503
47,1025,34.166666666666664,direction_change,89.88258851687111
47,354,11.8,stop_loot,60.0
48,306,10.2,direction_change,65.21925276191408
48,307,10.233333333333333,direction_change,67.8460801621178
51,379,12.633333333333333,direction_change,111.85923579991216
51,399,13.3,direction_change,144.336181202181
51,412,13.733333333333333,stop_loot,60.0
52,361,12.033333333333333,direction_change,122.02598559103426
52,379,12.633333333333333,direction_change,176.94894662142332
53,392,13.066666666666666,direction_change,72.08203600284287
54,374,12.466666666666667,direction_change,180.0
55,396,13.2,direction_change,148.32397183493757
56,424,14.133333333333333,direction_change,60.77246081881447
56,434,14.466666666666667,direction_change,80.10164829972099
56,440,14.666666666666666,direction_change,64.36474525685891
56,450,15.0,direction_change,91.27802562724337
57,419,13.966666666666667,direction_change,85.25651588408898
57,440,14.666666666666666,direction_change,93.07272093879435
57,451,15.033333333333333,direction_change,156.54205639613326
58,416,13.866666666666667,direction_change,122.40046780315498
58,417,13.9,direction_change,134.58469574987
58,420,14.0,direction_change,123.40325526924734
58,421,14.033333333333333,direction_change,98.79959501554526
59,435,14.5,direction_change,82.23703943833213
59,438,14.6,direction_change,68.09658143892263
60,421,14.033333333333333,direction_change,127.09657554634543
60,430,14.333333333333334,direction_change,60.15698836966386
62,460,15.333333333333334,direction_change,180.0
62,469,15.633333333333333,direction_change,180.0
62,513,17.1,direction_change,92.4179102748538
62,517,17.233333333333334,direction_change,166.0113592708623
62,522,17.4,direction_change,74.19777322760007
62,529,17.633333333333333,direction_change,167.42090811799716
62,535,17.833333333333332,direction_change,93.9917075102073
62,540,18.0,direction_change,125.64529452051896
62,553,18.433333333333334,direction_change,112.44133197236526
62,563,18.766666666666666,direction_change,67.66218420285688
62,508,16.933333333333334,stop_loot,60.0
63,478,15.933333333333334,direction_change,92.25964327479385
63,481,16.033333333333335,direction_change,69.02283422693789
63,483,16.1,direction_change,91.48648018704829
63,492,16.4,direction_change,81.41513278098816
63,518,17.266666666666666,direction_change,88.4423985609264
63,518,17.266666666666666,stop_loot,60.0
64,478,15.933333333333334,direction_change,60.462632823613085
64,491,16.366666666666667,direction_change,179.63703541453302
64,499,16.633333333333333,direction_change,164.01649528837441
64,520,17.333333333333332,direction_change,77.20988505452978
64,529,17.633333333333333,direction_change,109.49690797958405
64,535,17.833333333333332,direction_change,97.3219819179941
64,539,17.966666666666665,direction_change,178.51318238425847
64,540,18.0,direction_change,172.56163300070304
64,542,18.066666666666666,direction_change,173.60171676077385
64,543,18.1,direction_change,101.68482149579754
64,553,18.433333333333334,direction_change,61.6434973856792
64,579,19.3,direction_change,72.3125868140425
64,580,19.333333333333332,direction_change,74.75678047856856
64,583,19.433333333333334,direction_change,86.92075645617314
64,561,18.7,stop_loot,60.0
65,509,16.966666666666665,direction_change,72.6952472435651
65,661,22.033333333333335,direction_change,116.4548080409777
65,669,22.3,direction_change,137.8162342826863
65,686,22.866666666666667,direction_change,71.33388047164554
65,720,24.0,direction_change,85.38144388144774
65,732,24.4,direction_change,174.62269763720113
65,744,24.8,direction_change,96.61284796458179
65,752,25.066666666666666,direction_change,165.78657161552186
65,851,28.366666666666667,direction_change,88.48233784254465
65,853,28.433333333333334,direction_change,101.30111090311358
65,929,30.966666666666665,direction_change,123.90906832199839
65,931,31.033333333333335,direction_change,81.47665255835001
65,541,18.033333333333335,stop_loot,60.0
65,741,24.7,stop_loot,60.0
66,501,16.7,direction_change,73.50715437710531
66,506,16.866666666666667,direction_change,111.54703166851468
66,550,18.333333333333332,direction_change,97.82577578261274
66,577,19.233333333333334,direction_change,134.73538454271142
66,581,19.366666666666667,direction_change,173.34208686863929
66,589,19.633333333333333,direction_change,165.2278017357065
66,542,18.066666666666666,stop_loot,60.0
67,511,17.033333333333335,direction_change,180.0
67,514,17.133333333333333,direction_change,180.0
67,521,17.366666666666667,direction_change,133.41460284471987
67,531,17.7,direction_change,179.75997221802072
67,538,17.933333333333334,direction_change,168.76301696247612
67,554,18.466666666666665,direction_change,179.99773000500332
67,563,18.766666666666666,direction_change,179.99920399353744
67,572,19.066666666666666,direction_change,179.9993976380359
67,576,19.2,direction_change,179.9999449928541
67,577,19.233333333333334,direction_change,179.9999947369858
67,582,19.4,direction_change,180.0
67,591,19.7,direction_change,180.0
67,598,19.933333333333334,direction_change,179.99999829245272
67,628,20.933333333333334,direction_change,117.5949626585332
67,636,21.2,direction_change,101.91286606296168
67,651,21.7,direction_change,138.00329957451746
67,655,21.833333333333332,direction_change,139.87661275491448
67,656,21.866666666666667,direction_change,101.58153657344694
67,665,22.166666666666668,direction_change,90.69472234867396
67,669,22.3,direction_change,178.44961558534385
67,678,22.6,direction_change,177.50226851147545
67,686,22.866666666666667,direction_change,115.00727989581478
67,690,23.0,direction_change,129.87944338931334
67,692,23.066666666666666,direction_change,148.33350345132666
67,711,23.7,direction_change,139.48041940643432
67,716,23.866666666666667,direction_change,177.59787404516703
67,728,24.266666666666666,direction_change,170.05547964400117
67,734,24.466666666666665,direction_change,169.5020819854022
67,736,24.533333333333335,direction_change,178.22202413894044
67,746,24.866666666666667,direction_change,179.9817459704921
67,753,25.1,direction_change,179.96240621310122
67,755,25.166666666666668,direction_change,179.99689519464408
67,768,25.6,direction_change,64.76980443915842
67,775,25.833333333333332,direction_change,131.69571073897356
67,788,26.266666666666666,direction_change,153.1013394059111
67,799,26.633333333333333,direction_change,156.8044434868416
67,811,27.033333333333335,direction_change,108.97731960599246
67,814,27.133333333333333,direction_change,171.30666056918292
67,832,27.733333333333334,direction_change,116.00664401909481
67,837,27.9,direction_change,163.59483534886652
67,839,27.966666666666665,direction_change,133.62878659073178
67,847,28.233333333333334,direction_change,176.36034576462265
67,859,28.633333333333333,direction_change,178.9676040171572
67,875,29.166666666666668,direction_change,83.03636620996174
67,897,29.9,direction_change,179.99933054291438
67,898,29.933333333333334,direction_change,179.9977655200608
67,906,30.2,direction_change,179.99996892217018
67,908,30.266666666666666,direction_change,179.99998254455656
67,910,30.333333333333332,direction_change,179.9999606893092
67,911,30.366666666666667,direction_change,179.99996820337861
67,920,30.666666666666668,direction_change,179.9999655303759
67,927,30.9,direction_change,179.9999524025978
67,943,31.433333333333334,direction_change,180.0
67,945,31.5,direction_change,180.0
67,948,31.6,direction_change,144.74542450967826
67,959,31.966666666666665,direction_change,74.07199941311994
67,965,32.166666666666664,direction_change,173.50827371995663
67,972,32.4,direction_change,160.221541443373
67,564,18.8,stop_loot,60.0
69,520,17.333333333333332,direction_change,180.0
69,522,17.4,direction_change,180.0
69,523,17.433333333333334,direction_change,68.83554996966075
69,530,17.666666666666668,direction_change,151.36517740870488
69,534,17.8,direction_change,77.6592588305671
69,536,17.866666666666667,direction_change,81.42036525923326
69,543,18.1,direction_change,176.13353088625954
69,546,18.2,direction_change,179.892243583848
69,551,18.366666666666667,direction_change,65.5347686853536
69,554,18.466666666666665,direction_change,133.23594208087073
69,556,18.533333333333335,direction_change,178.6537171035534
69,577,19.233333333333334,direction_change,130.42915098562432
69,642,21.4,direction_change,178.21175854530313
69,651,21.7,direction_change,121.72108401912811
69,659,21.966666666666665,direction_change,106.2154127673742
69,668,22.266666666666666,direction_change,179.95578103676368
69,681,22.7,direction_change,179.99443149460382
69,686,22.866666666666667,direction_change,89.89047640401155
69,715,23.833333333333332,direction_change,60.883001441604826
69,716,23.866666666666667,direction_change,95.74738969564252
69,719,23.966666666666665,direction_change,85.24933748175376
69,728,24.266666666666666,direction_change,81.24929387212782
69,764,25.466666666666665,direction_change,92.561220421284
69,771,25.7,direction_change,74.50049179816054
69,787,26.233333333333334,direction_change,85.81871271113693
69,807,26.9,direction_change,84.13453794756839
69,810,27.0,direction_change,144.5466944603932
69,819,27.3,direction_change,125.19184421906657
69,826,27.533333333333335,direction_change,84.07129588538024
69,829,27.633333333333333,direction_change,81.85170842404492
69,839,27.966666666666665,direction_change,179.95410974666996
69,846,28.2,direction_change,179.79249731911074
69,881,29.366666666666667,direction_change,180.0
69,902,30.066666666666666,direction_change,84.39348073555726
69,909,30.3,direction_change,160.04962755942947
69,915,30.5,direction_change,179.85342610287907
69,927,30.9,direction_change,178.98836970478456
69,934,31.133333333333333,direction_change,179.36997307824004
69,937,31.233333333333334,direction_change,89.90296181939578
69,951,31.7,direction_change,94.00062571409123
69,953,31.766666666666666,direction_change,172.42958111425838
69,966,32.2,direction_change,72.69996033996881
69,971,32.36666666666667,direction_change,171.17682396694994
69,979,32.63333333333333,direction_change,62.247916545548534
69,989,32.96666666666667,direction_change,150.4921764959037
69,995,33.166666666666664,direction_change,165.36250077216394
69,1009,33.63333333333333,direction_change,61.432495271471986
69,1020,34.0,direction_change,120.17492747419607
69,1022,34.06666666666667,direction_change,174.03879905998792
69,1023,34.1,direction_change,81.28693376058276
69,1030,34.333333333333336,direction_change,146.93692222213988
69,1033,34.43333333333333,direction_change,87.07997741113357
69,1037,34.56666666666667,direction_change,114.09008101797477
69,1046,34.86666666666667,direction_change,143.2595718942615
69,1053,35.1,direction_change,92.6301035261382
69,1076,35.86666666666667,direction_change,166.1673026719086
69,1082,36.06666666666667,direction_change,144.69910933580152
69,1087,36.233333333333334,direction_change,65.25191669786129
69,1092,36.4,direction_change,123.06537559465608
69,1110,37.0,direction_change,169.74294626815023
69,1112,37.06666666666667,direction_change,92.36867943359776
69,1119,37.3,direction_change,122.80601617696676
69,1126,37.53333333333333,direction_change,95.27056168955247
69,1133,37.766666666666666,direction_change,75.09056191292512
69,1143,38.1,direction_change,72.29419243162654
69,1160,38.666666666666664,direction_change,175.71120672865132
69,1166,38.86666666666667,direction_change,160.8954260321893
69,1174,39.13333333333333,direction_change,87.17387452453937
69,1196,39.86666666666667,direction_change,99.7371783618304
69,1215,40.5,direction_change,83.6929919176866
69,1220,40.666666666666664,direction_change,121.92455436611313
69,1229,40.96666666666667,direction_change,166.33891845639442
69,1231,41.03333333333333,direction_change,160.20894882254285
69,1236,41.2,direction_change,145.78682142826514
69,1278,42.6,direction_change,126.3320973074247
69,1279,42.63333333333333,direction_change,174.68847727480366
69,1289,42.96666666666667,direction_change,105.55051656988485
69,1291,43.03333333333333,direction_change,140.0248837816822
69,1297,43.233333333333334,direction_change,106.29319452471816
69,1318,43.93333333333333,direction_change,148.49745576015397
69,1328,44.266666666666666,direction_change,162.90451330882732
69,1332,44.4,direction_change,179.30780202291655
69,1337,44.56666666666667,direction_change,179.99712656761977
69,1344,44.8,direction_change,179.9992463847823
69,1351,45.03333333333333,direction_change,72.65935873545192
69,1359,45.3,direction_change,167.5573915128836
69,1369,45.63333333333333,direction_change,76.90853555352705
69,1370,45.666666666666664,direction_change,127.52103955286901
69,1380,46.0,direction_change,110.71462512274091
69,1381,46.03333333333333,direction_change,113.75450097431538
69,1391,46.36666666666667,direction_change,126.69512226146458
69,1402,46.733333333333334,direction_change,144.4718577365161
69,1412,47.06666666666667,direction_change,168.00768304844343
69,1428,47.6,direction_change,63.04540041820588
69,1446,48.2,direction_change,142.80060388935573
69,1457,48.56666666666667,direction_change,179.993821183964
69,1473,49.1,direction_change,169.39459765589282
69,1484,49.46666666666667,direction_change,154.23454764989987
69,1492,49.733333333333334,direction_change,164.47997359397155
69,1501,50.03333333333333,direction_change,179.18132212826708
69,1503,50.1,direction_change,73.42568613455423
69,1506,50.2,direction_change,173.93418870869823
69,1515,50.5,direction_change,171.49711591251224
69,1521,50.7,direction_change,179.9988442433638
69,1530,51.0,direction_change,179.98171516428658
69,1539,51.3,direction_change,179.99998748122093
69,1542,51.4,direction_change,179.9999927053548
69,1551,51.7,direction_change,179.99999716835316
69,1556,51.86666666666667,direction_change,93.33051513503722
69,1565,52.166666666666664,direction_change,105.38610686855296
69,1572,52.4,direction_change,62.564262862314564
69,1660,55.333333333333336,direction_change,127.51075129915245
69,1661,55.36666666666667,direction_change,136.5205273820179
69,1670,55.666666666666664,direction_change,179.17021299252494
69,1680,56.0,direction_change,179.40067214405792
69,1707,56.9,direction_change,91.98903315197728
69,1724,57.46666666666667,direction_change,178.60865195600513
69,1742,58.06666666666667,direction_change,179.80249335524456
69,1748,58.266666666666666,direction_change,179.5860873747244
69,1755,58.5,direction_change,63.449804047385406
69,575,19.166666666666668,stop_loot,60.0
69,641,21.366666666666667,stop_loot,60.0
70,536,17.866666666666667,direction_change,116.29786832910307
70,543,18.1,direction_change,137.61303907383524
70,558,18.6,direction_change,105.99537965989514
70,571,19.033333333333335,direction_change,143.54154779275765
70,572,19.066666666666666,direction_change,67.12470669421613
70,574,19.133333333333333,direction_change,176.27701420348762
70,638,21.266666666666666,direction_change,111.97361933535251
70,639,21.3,direction_change,155.88972605040493
70,752,25.066666666666666,direction_change,129.27718136306694
70,759,25.3,direction_change,83.50273912885525
70,771,25.7,direction_change,146.57245941895587
70,780,26.0,direction_change,75.95632435667906
70,781,26.033333333333335,direction_change,70.64707322249392
70,782,26.066666666666666,direction_change,141.58931105370985
70,809,26.966666666666665,direction_change,112.16791921519601
70,822,27.4,direction_change,118.07203932741778
70,827,27.566666666666666,direction_change,176.0583035035596
70,836,27.866666666666667,direction_change,131.39560054221155
70,845,28.166666666666668,direction_change,177.30306463684786
70,852,28.4,direction_change,71.06468442757205
70,861,28.7,direction_change,89.08794286598909
70,872,29.066666666666666,direction_change,98.48911441819143
70,892,29.733333333333334,direction_change,174.2266412426994
70,913,30.433333333333334,direction_change,177.39804439684602
70,924,30.8,direction_change,166.583350770598
70,925,30.833333333333332,direction_change,147.21391809055143
70,944,31.466666666666665,direction_change,150.458434092294
70,959,31.966666666666665,direction_change,136.8330651225493
70,967,32.233333333333334,direction_change,179.5754067923096
70,973,32.43333333333333,direction_change,179.96788588197992
70,982,32.733333333333334,direction_change,179.96212815989836
70,995,33.166666666666664,direction_change,179.9998927400665
70,1010,33.666666666666664,direction_change,73.23958693717688
70,1015,33.833333333333336,direction_change,125.30302844658212
70,1025,34.166666666666664,direction_change,121.3456986854854
70,1036,34.53333333333333,direction_change,179.7727801124903
70,1044,34.8,direction_change,179.9988609517198
70,1062,35.4,direction_change,138.0483971099738
70,1064,35.46666666666667,direction_change,66.5415044875048
70,1070,35.666666666666664,direction_change,150.2503956726018
70,1085,36.166666666666664,direction_change,146.4703662151382
70,1100,36.666666666666664,direction_change,89.01817670962434
70,1101,36.7,direction_change,127.08121516153975
70,1107,36.9,direction_change,143.11288262915667
70,1110,37.0,direction_change,142.51332024667687
70,602,20.066666666666666,stop_loot,60.0
71,559,18.633333333333333,direction_change,62.54003337282066
71,561,18.7,direction_change,115.58386813388569
71,565,18.833333333333332,direction_change,78.39342737394647
71,570,19.0,direction_change,145.66100891827043
71,571,19.033333333333335,direction_change,65.21240001936339
71,598,19.933333333333334,direction_change,102.45214885260884
71,615,20.5,direction_change,135.40758290302492
71,625,20.833333333333332,direction_change,71.1812559482059
71,626,20.866666666666667,direction_change,86.83048826717751
71,635,21.166666666666668,direction_change,179.56759713311817
71,639,21.3,direction_change,84.47200246185169
71,649,21.633333333333333,direction_change,175.42569524237913
71,653,21.766666666666666,direction_change,89.5470147439827
71,663,22.1,direction_change,175.20041583206574
71,664,22.133333333333333,direction_change,88.93451256977643
71,667,22.233333333333334,direction_change,170.8410788635858
71,676,22.533333333333335,direction_change,164.98295879277563
71,683,22.766666666666666,direction_change,144.43094824670396
71,707,23.566666666666666,direction_change,179.9975281141451
71,715,23.833333333333332,direction_change,61.85934216987816
71,725,24.166666666666668,direction_change,92.10347555396788
71,727,24.233333333333334,direction_change,123.54290051716744
71,728,24.266666666666666,direction_change,71.42421992981527
71,731,24.366666666666667,direction_change,94.67927630294828
71,740,24.666666666666668,direction_change,111.94136225488396
71,751,25.033333333333335,direction_change,179.961852712577
71,755,25.166666666666668,direction_change,179.96820606239996
71,765,25.5,direction_change,179.9919897889916
71,770,25.666666666666668,direction_change,179.99985948742838
71,773,25.766666666666666,direction_change,179.99998699570727
71,778,25.933333333333334,direction_change,179.9999681346786
71,781,26.033333333333335,direction_change,179.99999879258172
71,783,26.1,direction_change,158.42949370221936
71,792,26.4,direction_change,88.28363582058263
71,811,27.033333333333335,direction_change,151.5230135365267
71,814,27.133333333333333,direction_change,82.04538837991687
71,815,27.166666666666668,direction_change,149.59273217821547
71,817,27.233333333333334,direction_change,80.46847488431392
71,818,27.266666666666666,direction_change,103.87777871134436
71,827,27.566666666666666,direction_change,135.70124636699666
71,830,27.666666666666668,direction_change,177.3551819557115
71,845,28.166666666666668,direction_change,175.99203059237345
71,851,28.366666666666667,direction_change,92.88411820229123
71,862,28.733333333333334,direction_change,77.33954321211978
71,863,28.766666666666666,direction_change,67.50053925544773
71,872,29.066666666666666,direction_change,74.68147761313672
71,873,29.1,direction_change,72.35568857478728
71,879,29.3,direction_change,68.68149197924001
71,880,29.333333333333332,direction_change,87.04648759308436
71,907,30.233333333333334,direction_change,179.9999333236125
71,914,30.466666666666665,direction_change,179.9999965849054
71,917,30.566666666666666,direction_change,179.99999879258172
71,926,30.866666666666667,direction_change,179.9999966933489
71,933,31.1,direction_change,179.99999137730887
71,937,31.233333333333334,direction_change,134.9659781552265
71,940,31.333333333333332,direction_change,129.02506555354793
71,941,31.366666666666667,direction_change,138.74181634416485
71,943,31.433333333333334,direction_change,66.88540154143962
71,948,31.6,direction_change,65.17501677626859
71,951,31.7,direction_change,145.1258586070523
71,952,31.733333333333334,direction_change,160.70810451893644
71,958,31.933333333333334,direction_change,80.15138738398072
71,968,32.266666666666666,direction_change,177.33509460642404
71,975,32.5,direction_change,137.479990349454
71,1002,33.4,direction_change,179.9999973001307
71,1010,33.666666666666664,direction_change,179.99999879258172
71,1020,34.0,direction_change,180.0
71,1027,34.233333333333334,direction_change,179.99999879258172
71,1033,34.43333333333333,direction_change,180.0
71,1036,34.53333333333333,direction_change,180.0
71,1040,34.666666666666664,direction_change,79.22668226606872
71,661,22.033333333333335,stop_loot,60.0
72,547,18.233333333333334,direction_change,180.0
72,549,18.3,direction_change,180.0
72,552,18.4,direction_change,117.85365928989299
72,554,18.466666666666665,direction_change,72.89227478765129
73,560,18.666666666666668,direction_change,132.68895917253582
73,696,23.2,direction_change,168.42227266415475
73,714,23.8,direction_change,128.11047019980987
73,609,20.3,stop_loot,60.0
74,589,19.633333333333333,direction_change,170.779788948384
75,582,19.4,direction_change,180.0
75,583,19.433333333333334,direction_change,180.0
75,588,19.6,direction_change,143.74283392385402
76,632,21.066666666666666,direction_change,126.96154030997945
76,651,21.7,direction_change,74.40248670253996
76,653,21.766666666666666,direction_change,113.55162672085584
76,680,22.666666666666668,direction_change,68.62002077150001
76,685,22.833333333333332,direction_change,179.9287965255689
76,686,22.866666666666667,direction_change,179.92907442727454
76,698,23.266666666666666,direction_change,179.9761844725613
76,724,24.133333333333333,direction_change,179.99999680547154
76,729,24.3,direction_change,179.99999540228822
76,733,24.433333333333334,direction_change,180.0
76,736,24.533333333333335,direction_change,180.0
76,738,24.6,direction_change,180.0
76,748,24.933333333333334,direction_change,180.0
76,749,24.966666666666665,direction_change,180.0
76,759,25.3,direction_change,180.0
76,765,25.5,direction_change,180.0
76,767,25.566666666666666,direction_change,153.43024420475896
76,774,25.8,direction_change,116.30253809344454
76,792,26.4,direction_change,152.78354230149006
76,796,26.533333333333335,direction_change,85.21862968796354
76,797,26.566666666666666,direction_change,61.227759994846885
76,804,26.8,direction_change,179.59375577820504
76,811,27.033333333333335,direction_change,99.14025708050904
76,817,27.233333333333334,direction_change,173.87535783000712
76,681,22.7,stop_loot,60.0
78,660,22.0,direction_change,75.20168166999174
78,667,22.233333333333334,direction_change,114.92150354561043
78,668,22.266666666666666,direction_change,81.97165289474607
78,683,22.766666666666666,direction_change,167.0042549104795
79,657,21.9,direction_change,101.61720036069202
79,758,25.266666666666666,direction_change,131.81468231905433
79,782,26.066666666666666,direction_change,132.77770483298556
79,790,26.333333333333332,direction_change,178.7487180094043
79,799,26.633333333333333,direction_change,146.3927890991142
79,809,26.966666666666665,direction_change,168.57239636805866
79,813,27.1,direction_change,175.73961353528887
79,819,27.3,direction_change,179.9907395357233
79,822,27.4,direction_change,179.9969124614962
79,832,27.733333333333334,direction_change,179.976887498291
79,841,28.033333333333335,direction_change,179.99996703283765
79,845,28.166666666666668,direction_change,81.83509344264144
79,863,28.766666666666666,direction_change,66.21572657985632
79,708,23.6,stop_loot,60.0
80,653,21.766666666666666,direction_change,150.7033858894355
80,654,21.8,direction_change,121.22827281169926
82,718,23.933333333333334,direction_change,180.0
82,719,23.966666666666665,direction_change,99.24857879077209
82,725,24.166666666666668,direction_change,89.83921754263378
82,726,24.2,direction_change,66.69258837226296
84,731,24.366666666666667,direction_change,89.0789535400951
84,737,24.566666666666666,direction_change,62.83102063789399
85,743,24.766666666666666,direction_change,180.0
85,815,27.166666666666668,direction_change,70.55734023051579
85,816,27.2,direction_change,72.34800898415023
85,841,28.033333333333335,direction_change,179.86102017123056
85,848,28.266666666666666,direction_change,179.7150013339042
85,896,29.866666666666667,direction_change,71.00015551922513
85,901,30.033333333333335,direction_change,155.59562008594733
85,902,30.066666666666666,direction_change,174.7495704542045
85,912,30.4,direction_change,154.43975519399254
85,919,30.633333333333333,direction_change,150.47157156207243
85,921,30.7,direction_change,177.95031213731843
85,925,30.833333333333332,direction_change,179.99900364322843
85,930,31.0,direction_change,179.99959327384815
85,939,31.3,direction_change,179.99997848558172
85,949,31.633333333333333,direction_change,179.99997385165753
85,956,31.866666666666667,direction_change,179.99996262850277
85,1099,36.63333333333333,direction_change,180.0
85,1102,36.733333333333334,direction_change,180.0
85,1117,37.233333333333334,direction_change,95.80293092451818
85,1122,37.4,direction_change,128.67924993806244
85,1127,37.56666666666667,direction_change,89.88690729193733
85,1130,37.666666666666664,direction_change,143.1552143025062
85,1132,37.733333333333334,direction_change,152.7483108298266
85,1140,38.0,direction_change,178.23853114596835
85,1143,38.1,direction_change,179.6923130823298
85,1146,38.2,direction_change,179.6783421665062
85,1154,38.46666666666667,direction_change,104.71250991529679
85,1160,38.666666666666664,direction_change,128.76118561155496
85,1169,38.96666666666667,direction_change,152.04000257274436
85,1209,40.3,direction_change,161.75681447345235
85,1222,40.733333333333334,direction_change,109.42114020965091
85,1224,40.8,direction_change,100.87558500848492
85,1254,41.8,direction_change,141.61316578141881
85,1264,42.13333333333333,direction_change,128.50138942105957
85,1278,42.6,direction_change,102.4988197827137
85,1280,42.666666666666664,direction_change,150.97467748357118
85,1319,43.96666666666667,direction_change,63.72191152427313
85,1357,45.233333333333334,direction_change,101.13909277105961
85,1360,45.333333333333336,direction_change,173.8136036913569
85,1416,47.2,direction_change,66.9412880998558
85,1432,47.733333333333334,direction_change,159.66743913948892
85,1436,47.86666666666667,direction_change,179.35031736355995
85,1441,48.03333333333333,direction_change,179.72901182969582
85,1447,48.233333333333334,direction_change,179.96893640097457
85,1453,48.43333333333333,direction_change,179.99884974539503
85,1463,48.766666666666666,direction_change,74.80442235528346
85,1464,48.8,direction_change,81.39204315538046
85,1465,48.833333333333336,direction_change,92.64799253088539
85,1476,49.2,direction_change,76.37301796410848
85,1488,49.6,direction_change,170.72292401742482
85,1496,49.86666666666667,direction_change,179.27839104769728
85,1506,50.2,direction_change,179.89097521933547
85,1509,50.3,direction_change,179.97848536457337
85,1541,51.36666666666667,direction_change,170.4524493291627
85,1549,51.63333333333333,direction_change,122.14027576996112
85,800,26.666666666666668,stop_loot,60.0
89,776,25.866666666666667,direction_change,145.9224646057726
91,825,27.5,direction_change,64.20622314730787
91,827,27.566666666666666,direction_change,97.0692490486882
91,830,27.666666666666668,direction_change,65.22219860807672
91,837,27.9,direction_change,171.4483613453043
91,850,28.333333333333332,direction_change,176.0756481862887
91,862,28.733333333333334,direction_change,172.37290226797256
91,869,28.966666666666665,direction_change,179.56946349549
91,876,29.2,direction_change,179.9342731268364
91,901,30.033333333333335,direction_change,179.12101043593287
91,910,30.333333333333332,direction_change,179.87768686484068
91,913,30.433333333333334,direction_change,179.77980245051342
91,922,30.733333333333334,direction_change,179.97339490682668
91,934,31.133333333333333,direction_change,179.9998498304623
91,946,31.533333333333335,direction_change,179.99998705188156
91,956,31.866666666666667,direction_change,180.0
91,971,32.36666666666667,direction_change,61.03693627311692
91,984,32.8,direction_change,146.29544076331
91,989,32.96666666666667,direction_change,124.46650676840083
91,996,33.2,direction_change,66.84010475833897
91,1003,33.43333333333333,direction_change,174.58069226241452
91,1008,33.6,direction_change,178.34615847985057
91,1106,36.86666666666667,direction_change,129.08451860647617
91,1120,37.333333333333336,direction_change,74.1380724682152
91,1121,37.36666666666667,direction_change,94.94302067183301
91,1189,39.63333333333333,direction_change,137.40143005227867
91,1201,40.03333333333333,direction_change,177.51194706623508
91,1202,40.06666666666667,direction_change,179.12174669298565
91,1207,40.233333333333334,direction_change,179.84931612159406
91,1212,40.4,direction_change,179.9970889566185
91,1221,40.7,direction_change,179.98126904199023
91,1223,40.766666666666666,direction_change,179.99603785883284
91,1227,40.9,direction_change,179.99996075426262
91,1239,41.3,direction_change,179.9999224474578
91,1246,41.53333333333333,direction_change,179.99986658437885
91,1263,42.1,direction_change,146.02406794329454
91,1264,42.13333333333333,direction_change,85.97166370376506
91,1275,42.5,direction_change,176.47753071203454
91,1282,42.733333333333334,direction_change,178.91175547109395
91,1284,42.8,direction_change,179.84647711271307
91,1297,43.233333333333334,direction_change,179.99995740533635
91,1308,43.6,direction_change,179.99999295960217
91,1310,43.666666666666664,direction_change,179.99999879258172
91,1357,45.233333333333334,direction_change,146.99269431381265
91,1358,45.266666666666666,direction_change,154.89427034256119
91,1401,46.7,direction_change,169.5837369603748
91,1407,46.9,direction_change,88.66317990810094
91,1416,47.2,direction_change,179.81709569709312
91,1426,47.53333333333333,direction_change,179.80006037714597
91,1430,47.666666666666664,direction_change,89.24961218755226
91,1441,48.03333333333333,direction_change,179.16412434819412
91,1448,48.266666666666666,direction_change,179.5681969343487
91,1496,49.86666666666667,direction_change,70.54265899737067
91,1497,49.9,direction_change,63.425952860442735
91,1501,50.03333333333333,direction_change,153.7817368691308
91,1522,50.733333333333334,direction_change,66.8221442693172
91,1523,50.766666666666666,direction_change,89.61122304654027
91,1528,50.93333333333333,direction_change,115.83426355032803
91,1590,53.0,direction_change,126.23489565659422
91,1593,53.1,direction_change,67.20292408517169
91,1601,53.36666666666667,direction_change,118.66577062521345
91,839,27.966666666666665,stop_loot,60.0
94,809,26.966666666666665,direction_change,97.98008969593654
94,816,27.2,direction_change,143.27224733972594
94,821,27.366666666666667,direction_change,175.29008670731798
95,813,27.1,direction_change,180.0
95,816,27.2,direction_change,180.0
95,819,27.3,direction_change,180.0
96,869,28.966666666666665,direction_change,180.0
96,876,29.2,direction_change,180.0
96,901,30.033333333333335,direction_change,173.00667025029867
96,916,30.533333333333335,direction_change,177.76172171881043
96,923,30.766666666666666,direction_change,179.1387461627188
96,929,30.966666666666665,direction_change,179.83187384480885
96,933,31.1,direction_change,179.9998518315255
96,949,31.633333333333333,direction_change,178.32371155059687
96,963,32.1,direction_change,179.15259918228998
96,964,32.13333333333333,direction_change,179.49504508317847
96,988,32.93333333333333,direction_change,179.84443950354853
96,996,33.2,direction_change,179.99901301809334
96,997,33.233333333333334,direction_change,157.76444138468582
96,1004,33.46666666666667,direction_change,135.98585933019544
96,1025,34.166666666666664,direction_change,61.48056532863955
96,1050,35.0,direction_change,116.96119458566086
96,1058,35.266666666666666,direction_change,151.79448515251534
96,1064,35.46666666666667,direction_change,128.54877099063057
96,1074,35.8,direction_change,142.56094440610852
96,1101,36.7,direction_change,62.933219381347854
96,1178,39.266666666666666,direction_change,158.661512057957
96,1190,39.666666666666664,direction_change,132.17071314057378
96,1191,39.7,direction_change,123.22522486359902
96,1196,39.86666666666667,direction_change,153.10536783644878
96,1213,40.43333333333333,direction_change,142.41283649093103
96,911,30.366666666666667,stop_loot,60.0
96,1136,37.86666666666667,stop_loot,60.0
97,1023,34.1,direction_change,112.04847538088005
97,1049,34.96666666666667,direction_change,77.10751864986248
97,1056,35.2,direction_change,75.14642185382573
97,1057,35.233333333333334,direction_change,102.29231516727069
97,1081,36.03333333333333,direction_change,72.84979631385696
97,921,30.7,stop_loot,60.0
98,883,29.433333333333334,direction_change,180.0
98,898,29.933333333333334,direction_change,180.0
99,885,29.5,direction_change,126.26920403872917
99,899,29.966666666666665,direction_change,104.20448862097409
99,907,30.233333333333334,direction_change,81.87645991548482
99,938,31.266666666666666,direction_change,60.02185519243632
99,939,31.3,direction_change,75.87845884522872
99,969,32.3,direction_change,123.42062695561312
99,979,32.63333333333333,direction_change,147.36118445843366
99,982,32.733333333333334,direction_change,64.92514597845359
99,993,33.1,direction_change,79.62286696366935
99,1006,33.53333333333333,direction_change,174.75662194142274
99,1013,33.766666666666666,direction_change,179.70436117544705
99,1019,33.96666666666667,direction_change,131.46341014591945
99,1036,34.53333333333333,direction_change,155.46189805092502
99,942,31.4,stop_loot,60.0
102,907,30.233333333333334,direction_change,180.0
102,918,30.6,direction_change,180.0
102,922,30.733333333333334,direction_change,180.0
103,931,31.033333333333335,direction_change,147.25402136201438
104,953,31.766666666666666,direction_change,65.30732516212672
104,961,32.03333333333333,direction_change,87.32540494912293
104,967,32.233333333333334,direction_change,71.77326769249213
104,978,32.6,direction_change,92.32487838326449
104,1007,33.56666666666667,direction_change,81.681629972865
104,1014,33.8,direction_change,175.81801546012355
104,1033,34.43333333333333,direction_change,179.99706614292097
104,1036,34.53333333333333,direction_change,179.9935750282021
104,1058,35.266666666666666,direction_change,169.9587622878979
104,1067,35.56666666666667,direction_change,87.792248957574
104,1075,35.833333333333336,direction_change,97.22210109454242
104,1083,36.1,direction_change,176.45758554051926
104,1092,36.4,direction_change,175.42633182092825
104,1103,36.766666666666666,direction_change,114.02469813806572
104,1113,37.1,direction_change,168.985727122212
104,1120,37.333333333333336,direction_change,137.35591230312917
104,1140,38.0,direction_change,179.96521530200945
104,1149,38.3,direction_change,99.42807569319918
104,1154,38.46666666666667,direction_change,119.00084254057195
104,1006,33.53333333333333,stop_loot,60.0
105,962,32.06666666666667,direction_change,86.20054435381863
105,972,32.4,direction_change,155.59718025180732
105,975,32.5,direction_change,89.95200195144932
105,982,32.733333333333334,direction_change,61.02347950225748
105,999,33.3,direction_change,176.69387920836695
105,1001,33.36666666666667,direction_change,177.32814419302463
105,1005,33.5,direction_change,179.93376180473092
105,1015,33.833333333333336,direction_change,179.97091225418882
105,1029,34.3,direction_change,179.9995692451769
105,1036,34.53333333333333,direction_change,81.86907507275997
105,1038,34.6,direction_change,64.54361068335048
105,1047,34.9,direction_change,87.96113087944369
105,1050,35.0,direction_change,66.82351369776772
105,1053,35.1,direction_change,178.48849048804544
105,1058,35.266666666666666,direction_change,130.01500920656636
105,1063,35.43333333333333,direction_change,75.16510146390173
105,1074,35.8,direction_change,146.19912741006192
105,1084,36.13333333333333,direction_change,176.77030622175388
105,1091,36.36666666666667,direction_change,167.07477131341906
105,1092,36.4,direction_change,150.2536850781546
105,1097,36.56666666666667,direction_change,83.09561204507408
105,1103,36.766666666666666,direction_change,86.61173711956397
105,1112,37.06666666666667,direction_change,170.5241695717229
105,1122,37.4,direction_change,178.18493988029255
105,1129,37.63333333333333,direction_change,178.5790889112392
105,1137,37.9,direction_change,179.99969083136273
105,1138,37.93333333333333,direction_change,179.99975452263064
105,1141,38.03333333333333,direction_change,179.99996770297187
105,1149,38.3,direction_change,65.41165156832324
105,1155,38.5,direction_change,160.34244842065772
105,1162,38.733333333333334,direction_change,75.1765103394181
105,1171,39.03333333333333,direction_change,67.99699893324207
105,1172,39.06666666666667,direction_change,86.78163867796097
105,1177,39.233333333333334,direction_change,99.3579582111137
105,1185,39.5,direction_change,179.59690742342895
105,1199,39.96666666666667,direction_change,179.99877360118543
105,1209,40.3,direction_change,179.99859383402702
105,1218,40.6,direction_change,179.99999743867906
105,1226,40.86666666666667,direction_change,163.87413038743236
105,1237,41.233333333333334,direction_change,107.20282640109612
105,1238,41.266666666666666,direction_change,69.92168203194403
105,1253,41.766666666666666,direction_change,179.9982744824836
105,1261,42.03333333333333,direction_change,132.0965066600976
105,1266,42.2,direction_change,115.26275371796149
105,1275,42.5,direction_change,105.8652312028365
105,1283,42.766666666666666,direction_change,86.2912383614821
105,1300,43.333333333333336,direction_change,179.9919772790217
105,1305,43.5,direction_change,89.87115847049752
105,1315,43.833333333333336,direction_change,178.54979996702406
105,1319,43.96666666666667,direction_change,179.9847918309352
105,1328,44.266666666666666,direction_change,179.93020453034856
105,1346,44.86666666666667,direction_change,172.20467052148487
105,1352,45.06666666666667,direction_change,179.79829381662563
105,1362,45.4,direction_change,97.09970385321239
105,1366,45.53333333333333,direction_change,145.39199996767996
105,1383,46.1,direction_change,69.00779685106586
105,1384,46.13333333333333,direction_change,98.86855650327041
105,1399,46.63333333333333,direction_change,111.39759364707487
105,1009,33.63333333333333,stop_loot,60.0
106,965,32.166666666666664,direction_change,107.8648653957991
107,995,33.166666666666664,direction_change,76.47510977505081
107,1005,33.5,direction_change,81.48173816280806
107,1028,34.266666666666666,direction_change,179.91919024959006
107,1053,35.1,direction_change,91.28132297493205
107,1054,35.13333333333333,direction_change,65.77632016068688
107,1060,35.333333333333336,direction_change,151.36349256024317
107,1068,35.6,direction_change,85.83763662683582
107,1048,34.93333333333333,stop_loot,60.0
108,1011,33.7,direction_change,117.79810721242303
109,1013,33.766666666666666,direction_change,150.36736113782442
109,1015,33.833333333333336,direction_change,63.34798417904179
109,1019,33.96666666666667,direction_change,126.24382211549569
109,1058,35.266666666666666,direction_change,76.37314435087701
109,1107,36.9,direction_change,66.77718449735576
109,1108,36.93333333333333,direction_change,106.52836968094256
109,1117,37.233333333333334,direction_change,76.79208447632722
109,1121,37.36666666666667,direction_change,162.25743675550126
109,1141,38.03333333333333,direction_change,75.37393675285243
109,1161,38.7,direction_change,82.30641149185539
109,1163,38.766666666666666,direction_change,125.4579191196246
109,1170,39.0,direction_change,61.37511630832753
109,1184,39.46666666666667,direction_change,153.3828304041877
109,1189,39.63333333333333,direction_change,136.90926193840505
109,1201,40.03333333333333,direction_change,170.449495884582
109,1213,40.43333333333333,direction_change,158.8990049134064
109,1255,41.833333333333336,direction_change,78.93516956091682
109,1070,35.666666666666664,stop_loot,60.0
109,1266,42.2,stop_loot,60.0
110,1035,34.5,direction_change,142.40894567080602
110,1038,34.6,direction_change,99.335087353593
110,1039,34.63333333333333,direction_change,114.54321855470388
113,1065,35.5,direction_change,71.5757399176872
113,1073,35.766666666666666,direction_change,60.74517783097842
113,1083,36.1,direction_change,143.6309141236009
113,1087,36.233333333333334,direction_change,85.03727625683116
113,1096,36.53333333333333,direction_change,129.34174406621992
114,1082,36.06666666666667,direction_change,64.32960773703608
114,1093,36.43333333333333,direction_change,67.48844953976626
114,1099,36.63333333333333,direction_change,133.0046552877602
114,1125,37.5,direction_change,142.93082674140038
114,1193,39.766666666666666,direction_change,83.17406706518298
114,1250,41.666666666666664,direction_change,84.16350556506588
114,1280,42.666666666666664,direction_change,179.22438196290787
114,1297,43.233333333333334,direction_change,78.38674644044622
114,1298,43.266666666666666,direction_change,82.5043020890208
114,1321,44.03333333333333,direction_change,70.3091215944255
114,1350,45.0,direction_change,81.90310135430583
114,1384,46.13333333333333,direction_change,147.66545311657364
114,1390,46.333333333333336,direction_change,162.81887039536556
114,1393,46.43333333333333,direction_change,90.96105690828203
114,1407,46.9,direction_change,179.1566257520151
114,1410,47.0,direction_change,179.9820818189123
114,1413,47.1,direction_change,179.99920459769265
114,1423,47.43333333333333,direction_change,179.995994698307
114,1430,47.666666666666664,direction_change,90.02180493471968
114,1440,48.0,direction_change,179.6857857211364
114,1443,48.1,direction_change,88.85517948393864
114,1448,48.266666666666666,direction_change,179.72862705396335
114,1452,48.4,direction_change,91.51056655833996
114,1492,49.733333333333334,direction_change,119.2476882930299
114,1493,49.766666666666666,direction_change,165.95568631632418
114,1501,50.03333333333333,direction_change,179.7746947530426
114,1542,51.4,direction_change,77.48164892611912
114,1548,51.6,direction_change,63.691039075998
114,1567,52.233333333333334,direction_change,179.99417682991154
114,1570,52.333333333333336,direction_change,179.99933134804883
114,1573,52.43333333333333,direction_change,179.9973673943954
114,1583,52.766666666666666,direction_change,179.9997757580137
114,1590,53.0,direction_change,179.9995737702345
114,1597,53.233333333333334,direction_change,89.98887768470293
114,1121,37.36666666666667,stop_loot,60.0
116,1568,52.266666666666666,direction_change,69.87460931175794
116,1620,54.0,direction_change,96.67832489827717
116,1634,54.46666666666667,direction_change,112.7373225722813
116,1671,55.7,direction_change,94.31620045101816
116,1712,57.06666666666667,direction_change,98.52278844522753
116,1136,37.86666666666667,stop_loot,60.0
117,1104,36.8,direction_change,83.66378389098162
117,1140,38.0,direction_change,80.17149664721897
117,1164,38.8,direction_change,105.56754341607933
117,1170,39.0,direction_change,81.35328014865388
117,1202,40.06666666666667,direction_change,132.7111758804895
117,1216,40.53333333333333,direction_change,67.27657462277116
117,1217,40.56666666666667,direction_change,94.32641494051909
117,1219,40.63333333333333,direction_change,62.332563745681576
117,1223,40.766666666666666,direction_change,66.46627995538188
117,1241,41.36666666666667,direction_change,179.3202288108094
117,1245,41.5,direction_change,179.1952749379473
117,1254,41.8,direction_change,88.32809220643945
117,1258,41.93333333333333,direction_change,167.3541511735131
117,1269,42.3,direction_change,109.36179824281854
117,1274,42.46666666666667,direction_change,167.21427298593818
117,1277,42.56666666666667,direction_change,166.66842456537188
117,1141,38.03333333333333,stop_loot,60.0
118,1124,37.46666666666667,direction_change,139.2361987463429
118,1139,37.96666666666667,direction_change,88.85860385928424
118,1151,38.36666666666667,direction_change,67.14492039276696
118,1160,38.666666666666664,direction_change,131.49525063690734
118,1202,40.06666666666667,direction_change,87.2809062396086
118,1185,39.5,stop_loot,60.0
119,1123,37.43333333333333,direction_change,151.64717544740884
120,1148,38.266666666666666,direction_change,177.68817304100318
120,1153,38.43333333333333,direction_change,72.9163279751197
120,1154,38.46666666666667,direction_change,95.56714019202995
121,1137,37.9,direction_change,112.2525861149576
122,1136,37.86666666666667,direction_change,116.90256221674501
124,1241,41.36666666666667,direction_change,112.66664540659502
124,1298,43.266666666666666,direction_change,171.71051433575866
124,1317,43.9,direction_change,60.221097479825076
124,1398,46.6,direction_change,68.6713578204578
124,1401,46.7,direction_change,78.58101940163742
124,1467,48.9,direction_change,99.50001664700056
124,1479,49.3,direction_change,61.426791893723895
124,1539,51.3,direction_change,62.6027517405473
124,1547,51.56666666666667,direction_change,178.99305411937203
124,1565,52.166666666666664,direction_change,98.2972987433578
124,1571,52.36666666666667,direction_change,71.98581570221201
124,1587,52.9,direction_change,64.34358118395848
124,1602,53.4,direction_change,72.03163333318
124,1618,53.93333333333333,direction_change,108.39981236152616
124,1625,54.166666666666664,direction_change,106.38724290666732
124,1636,54.53333333333333,direction_change,129.80282659539387
124,1653,55.1,direction_change,179.9042363591332
124,1660,55.333333333333336,direction_change,179.74200588712094
124,1662,55.4,direction_change,89.82892975787327
124,1667,55.56666666666667,direction_change,178.62232599704853
124,1681,56.03333333333333,direction_change,78.02309139218603
124,1703,56.766666666666666,direction_change,155.00824655307477
124,1719,57.3,direction_change,177.35116470320222
124,1735,57.833333333333336,direction_change,177.30431141691878
124,1742,58.06666666666667,direction_change,61.98856377064118
124,1748,58.266666666666666,direction_change,69.29516179331361
124,1751,58.36666666666667,direction_change,65.73364201513907
124,1763,58.766666666666666,direction_change,165.56573235944663
124,1774,59.13333333333333,direction_change,113.71801581960904
124,1778,59.266666666666666,direction_change,118.01511707020295
124,1786,59.53333333333333,direction_change,127.1125211832919
124,1794,59.8,direction_change,178.9001381288655
124,1814,60.46666666666667,direction_change,156.50622947918438
124,1205,40.166666666666664,stop_loot,60.0
127,1180,39.333333333333336,direction_change,165.80463643747765
127,1182,39.4,direction_change,90.5656857480962
127,1183,39.43333333333333,direction_change,63.939931322721975
127,1186,39.53333333333333,direction_change,98.18656383530585
127,1187,39.56666666666667,direction_change,66.99701836882345
127,1195,39.833333333333336,direction_change,116.86213542065634
127,1201,40.03333333333333,direction_change,146.519284409201
127,1477,49.233333333333334,direction_change,140.77303747302835
127,1233,41.1,stop_loot,60.0
128,1210,40.333333333333336,direction_change,169.54461632097656
128,1228,40.93333333333333,direction_change,155.9329902082858
128,1236,41.2,direction_change,66.13410428357935
128,1243,41.43333333333333,direction_change,157.94587497881523
128,1253,41.766666666666666,direction_change,101.81664274739423
128,1254,41.8,direction_change,165.2257817832737
128,1270,42.333333333333336,direction_change,177.57401308467942
128,1274,42.46666666666667,direction_change,179.99502461284965
128,1276,42.53333333333333,direction_change,143.02587128432583
128,1248,41.6,stop_loot,60.0
129,1193,39.766666666666666,direction_change,144.35951250731202
129,1196,39.86666666666667,direction_change,167.6291693367464
129,1199,39.96666666666667,direction_change,123.94689514299179
132,1208,40.266666666666666,direction_change,123.37132288307912
132,1226,40.86666666666667,direction_change,61.25363883497221
132,1233,41.1,direction_change,135.30339437072718
132,1248,41.6,direction_change,79.89376815375726
132,1249,41.63333333333333,direction_change,107.33882356577024
132,1254,41.8,direction_change,177.44115750974515
132,1265,42.166666666666664,direction_change,179.8781704355396
132,1269,42.3,direction_change,179.98704092649137
132,1273,42.43333333333333,direction_change,179.990898680977
132,1277,42.56666666666667,direction_change,179.99269651750794
132,1284,42.8,direction_change,179.99956978533191
132,1287,42.9,direction_change,114.9406394427211
132,1291,43.03333333333333,direction_change,72.2478325958465
132,1295,43.166666666666664,direction_change,74.2633183863209
132,1305,43.5,direction_change,72.81181376290654
132,1316,43.86666666666667,direction_change,164.92583834626524
132,1318,43.93333333333333,direction_change,89.94784963126438
132,1325,44.166666666666664,direction_change,79.86669840455505
132,1328,44.266666666666666,direction_change,67.04482512858137
132,1334,44.46666666666667,direction_change,128.21375866757995
132,1337,44.56666666666667,direction_change,111.13075810472883
132,1347,44.9,direction_change,97.8512049844383
132,1354,45.13333333333333,direction_change,93.31844601610193
132,1386,46.2,direction_change,179.99999618180817
132,1393,46.43333333333333,direction_change,180.0
132,1403,46.766666666666666,direction_change,93.0190900080852
132,1411,47.03333333333333,direction_change,161.74279343698367
132,1415,47.166666666666664,direction_change,74.98556008788067
132,1423,47.43333333333333,direction_change,99.23791068061352
132,1427,47.56666666666667,direction_change,175.99456850116573
132,1432,47.733333333333334,direction_change,179.81410878063966
132,1443,48.1,direction_change,179.99076249163605
132,1446,48.2,direction_change,179.99810187127432
132,1452,48.4,direction_change,132.86882885958835
132,1464,48.8,direction_change,162.93722264479172
132,1479,49.3,direction_change,89.90099327100585
132,1484,49.46666666666667,direction_change,177.79254287255895
132,1493,49.766666666666666,direction_change,175.31400583772816
132,1515,50.5,direction_change,107.54145384575342
132,1518,50.6,direction_change,68.28217971838284
132,1519,50.63333333333333,direction_change,69.47481992268877
132,1528,50.93333333333333,direction_change,79.5041806597509
132,1538,51.266666666666666,direction_change,113.67547139080847
132,1542,51.4,direction_change,90.50155242959234
132,1565,52.166666666666664,direction_change,72.98420741143539
132,1683,56.1,direction_change,70.10798058992057
132,1695,56.5,direction_change,69.40632373904498
132,1698,56.6,direction_change,78.5235497216995
132,1725,57.5,direction_change,79.84021491270877
132,1755,58.5,direction_change,178.37925268186638
132,1776,59.2,direction_change,179.53129260827518
132,1796,59.86666666666667,direction_change,176.9914848807537
132,1802,60.06666666666667,direction_change,156.6727292325677
132,1262,42.06666666666667,stop_loot,60.0
133,1250,41.666666666666664,direction_change,84.89044455471422
133,1251,41.7,direction_change,64.57141231066393
134,1233,41.1,direction_change,180.0
134,1243,41.43333333333333,direction_change,73.85088387788501
134,1244,41.46666666666667,direction_change,103.51825952036191
134,1257,41.9,direction_change,75.78705137187428
134,1260,42.0,direction_change,74.71350371669655
134,1266,42.2,direction_change,114.7269925283596
134,1288,42.93333333333333,direction_change,171.61730305303502
134,1294,43.13333333333333,direction_change,110.70576588228157
134,1309,43.63333333333333,direction_change,60.68383129771548
134,1325,44.166666666666664,direction_change,71.68978420829906
136,1256,41.86666666666667,direction_change,112.17146875855754
136,1286,42.86666666666667,direction_change,125.65819667702115
136,1291,43.03333333333333,direction_change,99.42584137865045
136,1293,43.1,stop_loot,60.0
137,1264,42.13333333333333,direction_change,132.3268848570066
137,1280,42.666666666666664,direction_change,154.44868372524064
137,1284,42.8,direction_change,77.69531200093877
137,1299,43.3,direction_change,134.91810132690136
138,1278,42.6,direction_change,82.88843692688951
138,1571,52.36666666666667,direction_change,60.40100496311922
138,1587,52.9,direction_change,123.92536011724654
138,1590,53.0,direction_change,125.32985771393133
138,1594,53.13333333333333,direction_change,79.07977898234562
138,1597,53.233333333333334,direction_change,156.56610134374822
138,1600,53.333333333333336,direction_change,179.56200373478765
138,1607,53.56666666666667,direction_change,179.8873391842503
138,1626,54.2,direction_change,62.56216714493043
138,1758,58.6,direction_change,112.76549309531941
138,1761,58.7,direction_change,111.5359855931358
138,1762,58.733333333333334,direction_change,109.61826029926317
138,1763,58.766666666666666,direction_change,71.17069083746833
138,1772,59.06666666666667,direction_change,120.27224424274469
138,1779,59.3,direction_change,151.498287441464
138,1781,59.36666666666667,direction_change,127.20131503652878
138,1790,59.666666666666664,direction_change,125.38187957005991
138,1793,59.766666666666666,direction_change,104.35109047865163
138,1332,44.4,stop_loot,60.0
139,1319,43.96666666666667,direction_change,65.05642829207207
139,1351,45.03333333333333,direction_change,67.22615794788794
139,1483,49.43333333333333,direction_change,96.3202094158908
139,1352,45.06666666666667,stop_loot,60.0
140,1297,43.233333333333334,direction_change,162.241129840639
141,1383,46.1,stop_loot,60.0
143,1361,45.36666666666667,direction_change,138.07959274294703
143,1366,45.53333333333333,direction_change,71.62257008085857
144,1409,46.96666666666667,direction_change,172.53154308801527
144,1411,47.03333333333333,direction_change,87.27015001759712
145,1418,47.266666666666666,direction_change,82.52085246132715
145,1427,47.56666666666667,direction_change,130.09671274569519
145,1434,47.8,direction_change,131.70681208298942
145,1441,48.03333333333333,direction_change,158.67264893529426
145,1450,48.333333333333336,direction_change,77.42354015929298
145,1454,48.46666666666667,direction_change,74.15477184990297
145,1463,48.766666666666666,direction_change,174.6769393499921
145,1471,49.03333333333333,direction_change,108.72678059312317
145,1465,48.833333333333336,stop_loot,60.0
146,1443,48.1,direction_change,115.10859669737886
146,1447,48.233333333333334,direction_change,162.14769447549898
146,1453,48.43333333333333,direction_change,179.6029499516284
149,1465,48.833333333333336,direction_change,180.0
149,1471,49.03333333333333,direction_change,67.27081206277627
149,1489,49.63333333333333,direction_change,98.92137931252417
149,1711,57.03333333333333,direction_change,175.33087983560023
149,1714,57.13333333333333,direction_change,179.5980229303067
149,1716,57.2,direction_change,179.6749027553458
149,1763,58.766666666666666,direction_change,73.5236543756386
149,1787,59.56666666666667,direction_change,175.02154328156502
149,1805,60.166666666666664,direction_change,170.94338207245602
149,1520,50.666666666666664,stop_loot,60.0
150,1516,50.53333333333333,direction_change,69.43558212848559
150,1518,50.6,direction_change,126.09024553046414
150,1519,50.63333333333333,direction_change,124.4953782194611
150,1543,51.43333333333333,direction_change,179.98113289489746
150,1572,52.4,direction_change,68.00816444045817
150,1593,53.1,direction_change,162.4587240866032
150,1550,51.666666666666664,stop_loot,60.0
151,1542,51.4,direction_change,120.37891689713726
151,1556,51.86666666666667,direction_change,72.63933705701437
151,1565,52.166666666666664,direction_change,89.65836525354078
151,1580,52.666666666666664,direction_change,73.25235931167555
151,1601,53.36666666666667,direction_change,175.08735817074782
151,1617,53.9,direction_change,80.51028882742023
151,1638,54.6,direction_change,66.19729862039814
151,1647,54.9,direction_change,179.81660451796986
151,1660,55.333333333333336,direction_change,91.58450460574348
151,1703,56.766666666666666,direction_change,171.77591879091182
151,1707,56.9,direction_change,177.23762842585984
151,1743,58.1,direction_change,89.57885830387583
151,1593,53.1,stop_loot,60.0
152,1597,53.233333333333334,direction_change,180.0
152,1598,53.266666666666666,direction_change,180.0
152,1608,53.6,direction_change,101.84636062499672
152,1625,54.166666666666664,direction_change,158.89376894234377
152,1636,54.53333333333333,direction_change,101.37151094282356
153,1601,53.36666666666667,direction_change,89.24206146728109
154,1632,54.4,direction_change,117.75646107388653
157,1704,56.8,direction_change,87.81726780835687
157,1707,56.9,direction_change,66.58056698382903
157,1763,58.766666666666666,direction_change,177.1810169358872
157,1770,59.0,direction_change,139.53865193368884
157,1794,59.8,direction_change,85.66732948946343
157,1754,58.46666666666667,stop_loot,60.0
161,1780,59.333333333333336,direction_change,63.28150524273396
161,1781,59.36666666666667,direction_change,95.40104922571395
162,1802,60.06666666666667,direction_change,82.40051045254577
162,1815,60.5,direction_change,65.2177096269643
164,1813,60.43333333333333,direction_change,97.61011489378632
